templateID,candidateID,demographicsCosine,travelJaccard,dtwAllEdges,dtwCommunication,dtwTravel
0,463126,0.30064639298220663,,,,
0,464459,0.776574544827022,,0.03872527781500059,,
0,476124,0.44106679892885237,,,,
0,477769,0.3053685619125016,,,,
0,479204,0.47776073649552653,,,,
0,480268,0.30639549153247553,,,,
0,480375,0.4268083667836247,,,,
0,492937,0.15641663436948922,,,,
0,500192,0.3334163854217996,,,,
0,510483,0.6181793135466391,,,,
0,513182,0.20451433652576118,,,,
0,516694,0.2724776626434915,,,,
0,519424,0.18331179933658592,,0.07914058491484235,0.3741657386773942,
0,534034,0.13122862610884017,,0.033864273073929814,,
0,538892,0.15241914962671754,,1.4613708823830268e-163,,
0,542965,0.2977303903999468,,1.4613708823830268e-163,,
0,545850,0.19828705632953603,,,,
0,546999,0.10671373182091104,,0.07275212894032264,0.3492849839314596,
0,551810,0.3894719155864876,,0.10028188921317611,0.4795831523312721,
0,558277,0.16060206331833987,,,,
0,561312,0.25636847376126426,,,,
0,562598,0.15532341564750907,,,,
0,568093,0.5486467103407693,,0.03637606447016132,,
0,570284,0.21537754361328076,,0.08659235364190584,0.38470768123342697,
0,570847,0.4318469582088117,,,,
0,572391,0.29298988009522153,,1.4613708823830268e-163,,
0,572500,0.542620449987974,,0.07091000389283493,0.3346640106136303,
0,573206,0.6553184848387372,,,,
0,581406,0.6936053960661424,,0.054765813092639774,0.26832815729997483,
0,584811,0.005432471273096817,,0.0,0.0,
0,585212,0.13026547188891363,,0.037569037838267226,,
0,593266,0.24782074519724345,,0.03637606447016132,0.17888543819998323,
0,594766,0.3249672978981067,,0.05789777573207146,0.2792848008753788,
0,595104,0.3467798026931772,,0.0514435237194602,0.20976176963403037,
0,598006,0.28786031153337577,,0.03872527781500059,,
0,598220,0.43769278426914787,,,,
0,599441,0.14810342542792726,,0.033864273073929814,,
0,604223,0.15634623113525714,,0.06574581621696765,0.31622776601683805,
0,612711,0.20931945309454636,,0.03872527781500059,,
0,615605,0.3089229583087444,,0.10542785095615671,0.5,
0,617074,0.4636874170010658,,,,
0,629627,0.08411495111819212,,0.037569037838267226,,
0,634283,0.3632391832453915,,,,
0,635665,0.727466511979392,,0.03637606447016132,,
0,636990,0.7679647691384273,,0.0802474999995328,0.3794733192202056,
0,638752,0.21610059363855133,,0.10374089649800748,0.4919349550499539,
0,643411,0.20451247868374162,,0.03872527781500059,,
0,643925,0.5127997505984332,,0.033864273073929814,0.14142135623730956,
0,645393,0.18815441341119904,,,,
0,649553,0.17013436228930862,,0.13899274717957427,0.6511528238439883,
0,655636,0.7328188982014039,,,,
2,463126,0.29666825527562457,,,,
2,464459,0.590018988788212,,,,
2,476124,0.4423845651881642,,,,
2,477769,0.008651359011825399,,,,
2,479204,0.4722907676901128,,,,
2,480268,0.5823664045882362,,,,
2,480375,0.44451634974834786,,,,
2,492937,0.4260373238255034,,,,
2,500192,0.33749057980101305,,,,
2,510483,0.7253381458702106,,,,
2,513182,0.38141777382873465,,,,
2,516694,0.508751675507151,,,,
2,519424,0.2656719911273073,,,,
2,534034,0.34199362432240554,,,,
2,538892,0.3675491887366339,,,,
2,542965,0.39969471060513645,,,,
2,545850,0.41617511321674416,,,,
2,546999,0.5331841603671823,,,,
2,551810,0.3741841155508585,,,,
2,558277,0.4026820058834109,,,,
2,561312,0.409613625055069,,,,
2,562598,0.2910876981787507,,,,
2,568093,0.2888171783494009,,,,
2,570284,0.5839539787681348,,,,
2,570847,0.2096058265407923,,,,
2,572391,0.48814162061244676,,,,
2,572500,0.46165433637536935,,,,
2,573206,0.5345530094882738,,,,
2,581406,0.6326842684941258,,,,
2,584811,0.33924443554083117,,,,
2,585212,0.43920767848297504,,,,
2,593266,0.3208933535779333,,,,
2,594766,0.346349236449947,,,,
2,595104,0.27102185886419355,,,,
2,598006,0.43123218385187684,,,,
2,598220,0.44767652770682004,,,,
2,599441,0.3300845277656343,,,,
2,604223,0.2371236344820823,,,,
2,612711,0.39982323843276557,,,,
2,615605,0.5582090156580006,,,,
2,617074,0.4116486189783504,,,,
2,629627,0.38221904384497013,,,,
2,634283,0.35108539276824857,,,,
2,635665,0.43828961466496463,,,,
2,636990,0.7273456475906224,,,,
2,638752,0.3258835567731806,,,,
2,643411,0.33595119773781357,,,,
2,643925,0.6415386225931521,,,,
2,645393,0.4094041053672685,,,,
2,649553,0.27068336430622175,,,,
2,655636,0.6754949345460179,,,,
27,463126,0.6299453501682667,,,,
27,464459,0.7509434001521795,,0.0929786249633246,,
27,476124,0.6022190301918737,,,,
27,477769,0.4917636933252951,,,,
27,479204,0.509739596567805,,,,
27,480268,0.5344568275515625,,,,
27,480375,0.5797080935154962,,,,
27,492937,0.5639852625057808,,,,
27,500192,0.41666407924609355,,,,
27,510483,0.5778957359202613,,,,
27,513182,0.34385835933742037,,,,
27,516694,0.5523467679285985,,,,
27,519424,0.5515800995519796,,0.16240734832202275,0.7733045971672484,
27,534034,0.6387400587038501,,0.07214331381073028,,
27,538892,0.43454126150016564,,1.4613708823830268e-163,,
27,542965,0.6304455318366697,,1.4613708823830268e-163,,
27,545850,0.5861469490669186,,,,
27,546999,0.8041587695444563,,0.16696045618900243,0.7949842765740718,
27,551810,0.5191684373327451,,0.08295018954139967,0.3949683531626301,
27,558277,0.5655567376778384,,,,
27,561312,0.5934942733653525,,,,
27,562598,0.571041528040512,,,,
27,568093,0.6828475321611392,,0.07275212894032264,,
27,570284,0.37508869707805564,,0.20034374130204094,0.9121403400793106,
27,570847,0.6743217279146969,,,,
27,572391,0.40316527853815576,,1.4613708823830268e-163,,
27,572500,0.005843577003471601,,0.0,0.0,
27,573206,0.480191540776053,,,,
27,581406,0.40531920411740213,,0.13447669032194218,0.6403124237432849,
27,584811,0.5536367025892529,,0.18212266799107998,0.3346640106136303,
27,585212,0.624814213032841,,0.06439008677213941,,
27,593266,0.5986282576548938,,0.06641330354523188,0.31622776601683805,
27,594766,0.32148211266061255,,0.06086879812962081,0.2898275349237888,
27,595104,0.5163988184845664,,0.16748797869205848,0.7949842765740718,
27,598006,0.5094024874532589,,0.0929786249633246,,
27,598220,0.6154582131988924,,,,
27,599441,0.48693703966005847,,0.07214331381073028,,
27,604223,0.4967151721140505,,0.05713088391549197,0.2720294101747089,
27,612711,0.5177555821994159,,0.0929786249633246,,
27,615605,0.530741028248857,,0.07630307655582612,0.363318042491699,
27,617074,0.4051671275697477,,,,
27,629627,0.5393149266759295,,0.07745055563000118,,
27,634283,0.43774936512532897,,,,
27,635665,0.5290120118508254,,0.07275212894032264,,
27,636990,0.6607291897420252,,0.1452008075860513,0.6913754406977444,
27,638752,0.475925942435747,,0.07513807567653445,0.35777087639996646,
27,643411,0.5763967820346965,,0.0929786249633246,,
27,643925,0.7313836150090864,,0.1739470794530538,0.30331501776206204,
27,645393,0.5776010373070208,,,,
27,649553,0.396605169020073,,0.2081185672594079,1.0,
27,655636,0.5297623268310772,,,,
29,463126,0.29247451584900463,,,,
29,464459,0.7668402381738016,,,,
29,476124,0.3563056768830243,,,,
29,477769,0.38764378065965527,,,,
29,479204,0.5944195793685686,,,,
29,480268,0.2925697812163308,,,,
29,480375,0.4588582400709587,,,,
29,492937,0.19167890145716016,,,,
29,500192,0.011413114619138465,,,,
29,510483,0.5384746960537872,,,,
29,513182,0.3119074987330677,,,,
29,516694,0.535307734810749,,,,
29,519424,0.34996093644391646,,,,
29,534034,0.16767088379873057,,,,
29,538892,0.5386284937824559,,,,
29,542965,0.3450038472971604,,,,
29,545850,0.36859244820869463,,,,
29,546999,0.43490615166405144,,,,
29,551810,0.44285870260858046,,,,
29,558277,0.22115145771181455,,,,
29,561312,0.5127943482486195,,,,
29,562598,0.20199343693928012,,,,
29,568093,0.7829574306985567,,,,
29,570284,0.30947119002558854,,,,
29,570847,0.593460628719708,,,,
29,572391,0.28660908714969624,,,,
29,572500,0.380874251817047,,,,
29,573206,0.629038264375976,,,,
29,581406,0.7055160306966897,,,,
29,584811,0.28375865459361005,,,,
29,585212,0.19624698392065792,,,,
29,593266,0.3197880189930559,,,,
29,594766,0.590769458568754,,,,
29,595104,0.14143407942620628,,,,
29,598006,0.2984125890197602,,,,
29,598220,0.5900834088677386,,,,
29,599441,0.19812728098720384,,,,
29,604223,0.22960388660362108,,,,
29,612711,0.2631726918338235,,,,
29,615605,0.31883675692144775,,,,
29,617074,0.3935639610609181,,,,
29,629627,0.16004015274942363,,,,
29,634283,0.49110263239534596,,,,
29,635665,0.5046082185890083,,,,
29,636990,0.7042382564854794,,,,
29,638752,0.34673309161976384,,,,
29,643411,0.3204800753364257,,,,
29,643925,0.28582134215661914,,,,
29,645393,0.28558938496799846,,,,
29,649553,0.29607003560879724,,,,
29,655636,0.6285792334332415,,,,
31,463126,0.15032093635392563,,,,
31,464459,0.7078265638137723,,,,
31,476124,0.16207671462742512,,,,
31,477769,0.5553745079319725,,,,
31,479204,0.7012521616140022,,,,
31,480268,0.009647992054903298,,,,
31,480375,0.6852255816941166,,,,
31,492937,0.15193594761104906,,,,
31,500192,0.29606025411654796,,,,
31,510483,0.6957762452894731,,,,
31,513182,0.1855330269311492,,,,
31,516694,0.44571902338224917,,,,
31,519424,0.21345184875678452,,,,
31,534034,0.13419426400510093,,,,
31,538892,0.48756852180448945,,,,
31,542965,0.4101010740275809,,,,
31,545850,0.12911321666598685,,,,
31,546999,0.3822063979301668,,,,
31,551810,0.569222408116932,,,,
31,558277,0.1438337574482218,,,,
31,561312,0.4394335523829648,,,,
31,562598,0.22504467226233865,,,,
31,568093,0.738344033590062,,,,
31,570284,0.2806176886337086,,,,
31,570847,0.4270376974571183,,,,
31,572391,0.10529270167668608,,,,
31,572500,0.5478461728451332,,,,
31,573206,0.6714436302121193,,,,
31,581406,0.7948620589508189,,,,
31,584811,0.2717877388780391,,,,
31,585212,0.155357146724096,,,,
31,593266,0.1785885319613949,,,,
31,594766,0.6717812485558257,,,,
31,595104,0.20335878475790947,,,,
31,598006,0.09172081556159684,,,,
31,598220,0.45378017443100543,,,,
31,599441,0.1977248682717332,,,,
31,604223,0.2860689243795419,,,,
31,612711,0.22260349171521632,,,,
31,615605,0.12470410020825923,,,,
31,617074,0.2714441556102709,,,,
31,629627,0.16007056960312543,,,,
31,634283,0.4670294147357517,,,,
31,635665,0.638029973260435,,,,
31,636990,0.6117977514308359,,,,
31,638752,0.19625855617249666,,,,
31,643411,0.2538771559769475,,,,
31,643925,0.11934800376788246,,,,
31,645393,0.5974089772721927,,,,
31,649553,0.2602696154079327,,,,
31,655636,0.5022025641382256,,,,
33,463126,0.4682631772650244,,,,
33,464459,0.6231340551390175,,,,
33,476124,0.61274567731466,,,,
33,477769,0.5012893918045803,,,,
33,479204,0.5363308987758437,,,,
33,480268,0.47443329047009214,,,,
33,480375,0.6635204636884289,,,,
33,492937,0.4688954364167376,,,,
33,500192,0.5517450314948386,,,,
33,510483,0.6282975968334241,,,,
33,513182,0.5241938441960724,,,,
33,516694,0.013754030717396781,,,,
33,519424,0.476931055541646,,,,
33,534034,0.5828940714468297,,,,
33,538892,0.5078493961553779,,,,
33,542965,0.5712594904969849,,,,
33,545850,0.49924450352015626,,,,
33,546999,0.5355875098034788,,,,
33,551810,0.4799605544025911,,,,
33,558277,0.4025246270291656,,,,
33,561312,0.4414171238544925,,,,
33,562598,0.5101600874729136,,,,
33,568093,0.4981325791444753,,,,
33,570284,0.46241129136809733,,,,
33,570847,0.37060400450312925,,,,
33,572391,0.4817748986113698,,,,
33,572500,0.6092628583562237,,,,
33,573206,0.34094931634852055,,,,
33,581406,0.5082075651724987,,,,
33,584811,0.285779739858551,,,,
33,585212,0.5336941985958332,,,,
33,593266,0.5285202291338075,,,,
33,594766,0.6663625069138119,,,,
33,595104,0.5811557885347254,,,,
33,598006,0.44809709566150585,,,,
33,598220,0.39306318394572415,,,,
33,599441,0.553260932067153,,,,
33,604223,0.4648403534677893,,,,
33,612711,0.5988301117902938,,,,
33,615605,0.5840343157067202,,,,
33,617074,0.602004424742677,,,,
33,629627,0.4740737837306249,,,,
33,634283,0.5007862719470088,,,,
33,635665,0.601416670483048,,,,
33,636990,0.5666723792749163,,,,
33,638752,0.4150532724631818,,,,
33,643411,0.4690659261727403,,,,
33,643925,0.6000236597478487,,,,
33,645393,0.5680457070524043,,,,
33,649553,0.48150566067293804,,,,
33,655636,0.4698536486652557,,,,
34,463126,0.193340980681171,,,,
34,464459,0.7303761564664927,,0.1154140164846937,,
34,476124,0.17360272856206643,,,,
34,477769,0.5496251010523802,,,,
34,479204,0.45958304670950423,,,,
34,480268,0.1437193584768115,,,,
34,480375,0.5011160687009031,,,,
34,492937,0.18822105889085033,,,,
34,500192,0.3491321463820102,,,,
34,510483,0.6297864429064799,,,,
34,513182,0.19498490147388697,,,,
34,516694,0.5587691771199808,,,,
34,519424,0.18067121282945087,,0.15490111126000236,0.7375635565834312,
34,534034,0.2016356326713345,,0.10500865306953405,,
34,538892,0.34649483353755295,,1.4613708823830268e-163,,
34,542965,0.45461220772400485,,1.4613708823830268e-163,,
34,545850,0.09778786579801912,,,,
34,546999,0.467414121057937,,0.15744295827183263,0.7496665925596527,
34,551810,0.5704651165156771,,0.0929786249633246,0.44271887242357316,
34,558277,0.2108652825367171,,,,
34,561312,0.41154361480115254,,,,
34,562598,0.23071842684282484,,,,
34,568093,0.8302993076450194,,0.10626128567237099,,
34,570284,0.14421526199580792,,0.18807984910692774,0.8402380615040003,
34,570847,0.43881527220986993,,,,
34,572391,0.1557121976501874,,1.4613708823830268e-163,,
34,572500,0.5408325942046678,,0.08505052672369182,0.4049691346263318,
34,573206,0.691218467469132,,,,
34,581406,0.7347629561281179,,0.11348710284587424,0.540370243444252,
34,584811,0.33000488057921396,,0.1656342997149464,0.5,
34,585212,0.1900921499571145,,0.08959644488359912,,
34,593266,0.23756869379268358,,0.10626128567237099,0.5059644256269408,
34,594766,0.6389026412682618,,0.08959644488359912,0.4266145801540309,
34,595104,0.16725689654821335,,0.1452008075860513,0.6855654600401047,
34,598006,0.10503203854966209,,0.1154140164846937,,
34,598220,0.2857872021837654,,,,
34,599441,0.19253530631657678,,0.10500865306953405,,
34,604223,0.2886832729293285,,0.07858128048656086,0.3741657386773942,
34,612711,0.21544044574056181,,0.1154140164846937,,
34,615605,0.008175099055173218,,0.0,0.0,
34,617074,0.4107501494629876,,,,
34,629627,0.1846686363505658,,0.10953162618527952,,
34,634283,0.5908288316440734,,,,
34,635665,0.6197640476981549,,0.10626128567237099,,
34,636990,0.6604574556379186,,0.11426176783098396,0.5440588203494179,
34,638752,0.21574073464545335,,0.07395472493939095,0.3521363372331803,
34,643411,0.20171112165830685,,0.1154140164846937,,
34,643925,0.1429537903925508,,0.16294961142789655,0.5079370039680119,
34,645393,0.45099454783284654,,,,
34,649553,0.28845449194893513,,0.17919288976719824,0.8473488065725946,
34,655636,0.5504429145099172,,,,
35,463126,0.5509473884742968,,,,
35,464459,0.5857196029404496,,,,
35,476124,0.6651613220028403,,,,
35,477769,0.42815443521724117,,,,
35,479204,0.5754264330853786,,,,
35,480268,0.713172010574672,,,,
35,480375,0.005863549197003104,,,,
35,492937,0.4802113570463765,,,,
35,500192,0.4962122453259673,,,,
35,510483,0.5058687838335334,,,,
35,513182,0.44822203307833247,,,,
35,516694,0.6256541745596952,,,,
35,519424,0.3966910216368488,,,,
35,534034,0.3717792316135712,,,,
35,538892,0.47454667642250226,,,,
35,542965,0.6043146112682545,,,,
35,545850,0.4324976778421014,,,,
35,546999,0.2786038171301986,,,,
35,551810,0.4123862683947995,,,,
35,558277,0.3583659895418969,,,,
35,561312,0.6338824776787889,,,,
35,562598,0.3762036981142992,,,,
35,568093,0.6729325284934106,,,,
35,570284,0.38366993878996003,,,,
35,570847,0.48527859174290183,,,,
35,572391,0.47724381005265126,,,,
35,572500,0.5805191068536469,,,,
35,573206,0.46609418833624183,,,,
35,581406,0.4746306093848594,,,,
35,584811,0.4182985587787285,,,,
35,585212,0.3439064071411644,,,,
35,593266,0.40245199168561274,,,,
35,594766,0.2611424080038245,,,,
35,595104,0.44898335404734935,,,,
35,598006,0.46351407184034965,,,,
35,598220,0.608708196842719,,,,
35,599441,0.3542631807090807,,,,
35,604223,0.3380972478320649,,,,
35,612711,0.29267232880452865,,,,
35,615605,0.40019054196274206,,,,
35,617074,0.4112273828259601,,,,
35,629627,0.4530837113163159,,,,
35,634283,0.5598181921727522,,,,
35,635665,0.602867379160737,,,,
35,636990,0.625427339069248,,,,
35,638752,0.5190883617332738,,,,
35,643411,0.22529787645470956,,,,
35,643925,0.4977434196888681,,,,
35,645393,0.13444440970968918,,,,
35,649553,0.3995722330021172,,,,
35,655636,0.865460515579241,,,,
36,463126,0.2140027469000903,,,,
36,464459,0.6104233611908316,,,,
36,476124,0.013053683886333822,,,,
36,477769,0.4167718493107567,,,,
36,479204,0.5302793252592446,,,,
36,480268,0.16587524211731547,,,,
36,480375,0.7007891924880156,,,,
36,492937,0.1635954447099549,,,,
36,500192,0.3612752860644699,,,,
36,510483,0.584097649973123,,,,
36,513182,0.24590354123852054,,,,
36,516694,0.6061768994160358,,,,
36,519424,0.2883622896515625,,,,
36,534034,0.21283819356587036,,,,
36,538892,0.27297301808352203,,,,
36,542965,0.19087659578414268,,,,
36,545850,0.203737237975883,,,,
36,546999,0.48286077835954433,,,,
36,551810,0.4828400656013315,,,,
36,558277,0.37313594516598436,,,,
36,561312,0.32821675067663236,,,,
36,562598,0.2644957641663101,,,,
36,568093,0.6145927190081119,,,,
36,570284,0.48904879350025404,,,,
36,570847,0.41331781747315804,,,,
36,572391,0.16237143419301464,,,,
36,572500,0.5995356204003355,,,,
36,573206,0.7832229809395811,,,,
36,581406,0.7217892362358702,,,,
36,584811,0.4132168193011769,,,,
36,585212,0.21246653318684272,,,,
36,593266,0.2376246081770964,,,,
36,594766,0.6256532147015418,,,,
36,595104,0.21459683121066275,,,,
36,598006,0.20596181302854477,,,,
36,598220,0.30795861206607034,,,,
36,599441,0.20392853493416957,,,,
36,604223,0.295279828704413,,,,
36,612711,0.2645046351111867,,,,
36,615605,0.21740415445131234,,,,
36,617074,0.31983959093780695,,,,
36,629627,0.2680531182983218,,,,
36,634283,0.5426875235470756,,,,
36,635665,0.2810944833221074,,,,
36,636990,0.6159383877030231,,,,
36,638752,0.2707062599785093,,,,
36,643411,0.31347258849358417,,,,
36,643925,0.1614355223437961,,,,
36,645393,0.6165503612136366,,,,
36,649553,0.3393124628616126,,,,
36,655636,0.44529408349356997,,,,
37,463126,0.25754506732156024,,,,
37,464459,0.8273398178442611,,0.11730928305086623,,
37,476124,0.27385010611967414,,,,
37,477769,0.3093374855587214,,,,
37,479204,0.545042540395027,,,,
37,480268,0.20347695784949282,,,,
37,480375,0.5638302391387261,,,,
37,492937,0.2742554502636574,,,,
37,500192,0.38288171443878605,,,,
37,510483,0.8526881638737622,,,,
37,513182,0.23483363814067015,,,,
37,516694,0.4130520261410564,,,,
37,519424,0.17265520985328264,,0.17646453419258276,0.8402380615040003,
37,534034,0.2340036514406711,,0.10374089649800748,,
37,538892,0.3680651876594552,,1.4613708823830268e-163,,
37,542965,0.5157342488063029,,1.4613708823830268e-163,,
37,545850,0.08878507296782007,,,,
37,546999,0.5003885511138357,,0.18066371791163327,0.8602325267042629,
37,551810,0.42983647609546893,,0.10500865306953405,0.5,
37,558277,0.24800599218119795,,,,
37,561312,0.3561981494372194,,,,
37,562598,0.25585253758883486,,,,
37,568093,0.6674487322462075,,0.10458777501085845,,
37,570284,0.27040797347190515,,0.21148231756390848,0.9622889378975529,
37,570847,0.38265988239792403,,,,
37,572391,0.22053230484085334,,1.4613708823830268e-163,,
37,572500,0.44675009584724873,,0.07454874833702306,0.3549647869859771,
37,573206,0.7485378439202762,,,,
37,581406,0.6801544507976036,,0.1523168520872895,0.7252585745787501,
37,584811,0.2509671975869454,,0.19453543815266078,0.4919349550499539,
37,585212,0.2812845322467863,,0.09057567008469473,,
37,593266,0.1705369310530343,,0.10374089649800748,0.49396356140913883,
37,594766,0.3501285897195128,,0.09202497283106867,0.43817804600413296,
37,595104,0.17037284009037923,,0.18212266799107998,0.8637129152675677,
37,598006,0.32687262295838304,,0.11730928305086623,,
37,598220,0.3231937465514698,,,,
37,599441,0.2303656029084239,,0.10374089649800748,,
37,604223,0.3346042200946512,,0.08079527086365167,0.38470768123342697,
37,612711,0.3259176913664912,,0.11730928305086623,,
37,615605,0.19026177271743905,,0.061589164010403256,0.2932575659723036,
37,617074,0.3532400187374538,,,,
37,629627,0.23113079761120997,,0.10790884571604184,,
37,634283,0.3311757166330897,,,,
37,635665,0.695518612100861,,0.10458777501085845,,
37,636990,0.8359468637611855,,0.14489672179136998,0.6899275324264137,
37,638752,0.0070591452725125015,,0.013282660709046375,0.06324555320336761,
37,643411,0.28541021945876016,,0.11730928305086623,,
37,643925,0.39002482196365174,,0.18924878422030564,0.4919349550499539,
37,645393,0.5131191500231603,,,,
37,649553,0.31633585858601626,,0.2036193329358399,0.9726253132630268,
37,655636,0.40739778344628064,,,,
38,463126,0.1454732496407074,,,,
38,464459,0.786414506351834,,,,
38,476124,0.20783963654340265,,,,
38,477769,0.41323491630689635,,,,
38,479204,0.5108030263367324,,,,
38,480268,0.14488126859519973,,,,
38,480375,0.504227460135546,,,,
38,492937,0.13670057772781935,,,,
38,500192,0.41263087722807196,,,,
38,510483,0.8129276040581157,,,,
38,513182,0.12102165105860757,,,,
38,516694,0.47595008608904915,,,,
38,519424,0.12392189458281305,,,,
38,534034,0.11813897533616763,,,,
38,538892,0.23152279151744704,,,,
38,542965,0.45820739944559635,,,,
38,545850,0.004765886497379579,,,,
38,546999,0.37019168841496997,,,,
38,551810,0.3881235120882611,,,,
38,558277,0.1335191927889049,,,,
38,561312,0.32085626934595723,,,,
38,562598,0.16142706295578663,,,,
38,568093,0.741041150424429,,,,
38,570284,0.15145314426445583,,,,
38,570847,0.4045545734971585,,,,
38,572391,0.09800680626718139,,,,
38,572500,0.6020021104763269,,,,
38,573206,0.6480219538681932,,,,
38,581406,0.7835439308793161,,,,
38,584811,0.21637593677681666,,,,
38,585212,0.14019841359703583,,,,
38,593266,0.1447616935025624,,,,
38,594766,0.6584609286969634,,,,
38,595104,0.1441479262731143,,,,
38,598006,0.11297139757176639,,,,
38,598220,0.30616504816255924,,,,
38,599441,0.13320213649137286,,,,
38,604223,0.17695982146867123,,,,
38,612711,0.19673529809298956,,,,
38,615605,0.09498864132790785,,,,
38,617074,0.3413343820947409,,,,
38,629627,0.07239317412460444,,,,
38,634283,0.5452167562335365,,,,
38,635665,0.7098390498283185,,,,
38,636990,0.8332806697464761,,,,
38,638752,0.08927032930397327,,,,
38,643411,0.1257225570135982,,,,
38,643925,0.19807235326400457,,,,
38,645393,0.5299099098118544,,,,
38,649553,0.23777659629058084,,,,
38,655636,0.5370977262104711,,,,
39,463126,0.3309232791175939,,,,
39,464459,0.8237724760155696,0.8181818181818181,0.11464713745060319,,0.21821789023599242
39,476124,0.4651061067851284,,,,
39,477769,0.5456845065189194,1.0,,,
39,479204,0.45931518654832976,1.0,,,
39,480268,0.26130146796574016,,,,
39,480375,0.4025256490179451,,,,
39,492937,0.1001031557094536,,,,
39,500192,0.3189197552842732,1.0,,,
39,510483,0.5726837648726573,1.0,,,
39,513182,0.1027787215811986,,,,
39,516694,0.43263046104379677,,,,
39,519424,0.07280558503385082,1.0,0.11655487469169451,0.5440588203494179,
39,534034,0.10389783829313065,0.9,0.1024574545503783,,0.21821789023599242
39,538892,0.18231709746106428,1.0,1.5198486589633246e-163,,2.400853848421683e-162
39,542965,0.4913483740823802,0.9090909090909091,1.5198486589633246e-163,,2.400853848421683e-162
39,545850,0.0856566266795446,,,,
39,546999,0.3056090062176027,0.9,0.0824167422748455,0.41952353926806074,
39,551810,0.3635919111845928,,0.09715428729537863,0.4837354648979131,
39,558277,0.10103383444246145,,,,
39,561312,0.30311064346150685,,,,
39,562598,0.09044184764237467,1.0,,,
39,568093,0.8174588121534176,1.0,0.10708823421952984,,0.15430334996209194
39,570284,0.005223048724055324,0.0,0.0,0.0,0.0
39,570847,0.6179054064162253,0.6666666666666667,,,
39,572391,0.23733702694263842,1.0,1.5198486589633246e-163,,2.400853848421683e-162
39,572500,0.3952630467680755,,0.137075514013226,0.5882176467941098,
39,573206,0.64618089088757,1.0,,,
39,581406,0.5478624906827424,,0.0876051641443387,0.3898717737923587,
39,584811,0.19292282354057583,1.0,0.118803729069973,0.38470768123342697,
39,585212,0.10878700199428704,0.75,0.10912819341048394,,0.21821789023599242
39,593266,0.20774666478070902,1.0,0.07513807567653445,0.322490309931942,
39,594766,0.6370404451739964,,0.08556755596447314,0.40743097574926745,
39,595104,0.16282032031644678,,0.06230120112209856,0.2792848008753788,
39,598006,0.1315940932119351,1.0,0.11464713745060319,,0.21821789023599242
39,598220,0.4261095575738512,0.7777777777777778,,,
39,599441,0.07012444184811517,0.8571428571428572,0.1024574545503783,,0.3086066999241839
39,604223,0.17049525189114761,,0.0966992295838863,0.4604345773288537,
39,612711,0.10407325162307396,1.0,0.11464713745060319,,0.15430334996209194
39,615605,0.13224225161410091,,0.1618632685740628,0.7042726744663605,
39,617074,0.1815681083296503,,,,
39,629627,0.07150944660232111,0.8571428571428572,0.10790884571604184,,0.21821789023599242
39,634283,0.4972800321463297,0.7777777777777778,,,
39,635665,0.8618565810594581,0.875,0.10708823421952984,,0.21821789023599242
39,636990,0.7698977008000932,1.0,0.10458777501085845,0.47539457296018867,
39,638752,0.2240867866434168,,0.1580022600626259,0.6693280212272606,
39,643411,0.09642837618090461,1.0,0.11464713745060319,,0.15430334996209194
39,643925,0.4406693759617564,0.6363636363636362,0.08453033513610127,0.3464101615137756,0.21821789023599242
39,645393,0.34927580287166615,0.9230769230769231,,,
39,649553,0.07838534670185793,0.33333333333333337,0.1640287597207446,0.6572670690061996,0.15430334996209194
39,655636,0.7680787333052552,,,,
40,463126,0.19782607501815963,,,,
40,464459,0.44114404498353565,0.8181818181818181,0.061589164010403256,,0.15430334996209194
40,476124,0.11014636553034662,,,,
40,477769,0.6545526468396257,1.0,,,
40,479204,0.5638206997099847,1.0,,,
40,480268,0.12496799942582754,,,,
40,480375,0.4963197342984428,,,,
40,492937,0.17537262892046496,,,,
40,500192,0.2757178263582704,1.0,,,
40,510483,0.5416245256715232,1.0,,,
40,513182,0.3438522458630939,,,,
40,516694,0.5996987929782555,,,,
40,519424,0.3139380908118376,1.0,0.0929786249633246,0.31937438845342636,
40,534034,0.1726960563952991,0.9,0.05556535630636932,,0.2672612419124244
40,538892,0.4576924342365368,1.0,0.15688166251628768,,0.6900655593423544
40,542965,0.36596346976230004,0.9090909090909091,0.15688166251628768,,0.6900655593423544
40,545850,0.17861270168756005,,,,
40,546999,0.43424065151990093,0.9,0.0802474999995328,0.3130495168499706,
40,551810,0.5627958332359515,,0.10667556126171102,0.44721359549995804,
40,558277,0.24309150478249625,,,,
40,561312,0.44853360614068966,,,,
40,562598,0.3171339713008141,1.0,,,
40,568093,0.7814149273979403,1.0,0.05789777573207146,,0.15430334996209194
40,570284,0.4040562425697325,0.0,0.08556755596447314,0.3492849839314596,0.15430334996209194
40,570847,0.4546524963814235,0.6666666666666667,,,
40,572391,0.20433922970132518,1.0,0.15688166251628768,,0.6900655593423544
40,572500,0.7288568181580476,,0.11917441243273391,0.3000000000000001,
40,573206,0.6768207121496972,1.0,,,
40,581406,0.7354718055815961,,0.05556535630636932,0.3130495168499706,
40,584811,0.47272272740720434,1.0,0.06901872962330151,0.20976176963403037,
40,585212,0.09824303053895062,0.75,0.058654641525433114,,0.2672612419124244
40,593266,0.3233696977891274,1.0,0.02817677837870042,0.1732050807568878,
40,594766,0.7670209010018731,,0.06230120112209856,0.32557641192199416,
40,595104,0.13824650847051656,,0.054765813092639774,0.20976176963403037,
40,598006,0.16341659233095873,1.0,0.061589164010403256,,0.15430334996209194
40,598220,0.3231630261795806,0.7777777777777778,,,
40,599441,0.29360741752414554,0.8571428571428572,0.05556535630636932,,0.21821789023599242
40,604223,0.3551975726086648,,0.07028523397077113,0.3346640106136303,
40,612711,0.2542618117014034,1.0,0.061589164010403256,,0.15430334996209194
40,615605,0.13845229014767935,,0.14367394278317272,0.5059644256269408,
40,617074,0.37121153825957803,,,,
40,629627,0.33115776779890627,0.8571428571428572,0.05789777573207146,,0.15430334996209194
40,634283,0.6239989742791324,0.7777777777777778,,,
40,635665,0.4779643691895587,0.875,0.05789777573207146,,0.15430334996209194
40,636990,0.38439321058512943,1.0,0.0925030278548478,0.3898717737923587,
40,638752,0.39711414087383967,,0.1445919964871149,0.4919349550499539,
40,643411,0.27211590973763744,1.0,0.061589164010403256,,0.15430334996209194
40,643925,0.002460537385478301,0.6363636363636362,0.009392259459566807,0.04472135954999581,0.0
40,645393,0.4531571504662747,0.9230769230769231,,,
40,649553,0.4075138379368612,0.33333333333333337,0.1642974392779193,0.5865151319446072,0.2672612419124244
40,655636,0.558872612877169,,,,
41,463126,0.32998784186114394,,,,
41,464459,0.7709698305604441,0.8181818181818181,0.16590037908279934,,0.21821789023599242
41,476124,0.30933039928500994,,,,
41,477769,0.22960766929635146,1.0,,,
41,479204,0.709762169833165,1.0,,,
41,480268,0.2271185808132462,,,,
41,480375,0.4182982302304849,,,,
41,492937,0.05029369930854988,,,,
41,500192,0.30528470920619827,1.0,,,
41,510483,0.7098414295884,1.0,,,
41,513182,0.03157189651485942,,,,
41,516694,0.44157267979979886,,,,
41,519424,0.051109676276597626,1.0,0.11464713745060319,0.5422176684690384,
41,534034,0.06001477704747765,0.9,0.14909749667404612,,0.0
41,538892,0.09061900487731389,1.0,0.1901787592763374,,2.4969256920874125e-162
41,542965,0.24531273186208363,0.9090909090909091,0.1901787592763374,,2.4969256920874125e-162
41,545850,0.18693760834690198,,,,
41,546999,0.30707322415368843,0.9,0.1123150875843605,0.5366563145999497,
41,551810,0.3342228942304283,,0.09106133399553999,0.43817804600413296,
41,558277,0.042136454302388715,,,,
41,561312,0.2402395923835089,,,,
41,562598,0.0365448235979266,1.0,,,
41,568093,0.5864229047910238,1.0,0.15144563320384566,,0.15430334996209194
41,570284,0.09407919647076429,0.0,0.16349007596797466,0.6572670690061996,0.0
41,570847,0.34848105197246715,0.6666666666666667,,,
41,572391,0.15808756789023432,1.0,0.1901787592763374,,2.4969256920874125e-162
41,572500,0.3618141583414701,,0.16801384491125454,0.782304288624318,
41,573206,0.7025747473647211,1.0,,,
41,581406,0.6774382439662895,,0.11579555146414292,0.5477225575051663,
41,584811,0.19851663552864413,1.0,0.17139265174647597,0.6496152707564687,
41,585212,0.047759360967531195,0.75,0.14550425788064528,,0.21821789023599242
41,593266,0.0983548236946643,1.0,0.1314916324339353,0.6148170459575761,
41,594766,0.5470596369606108,,0.10953162618527952,0.5234500931320962,
41,595104,0.07658656269118452,,0.12980360823706727,0.6212889826803628,
41,598006,0.09619682059331125,1.0,0.16590037908279934,,0.21821789023599242
41,598220,0.4301084403028563,0.7777777777777778,,,
41,599441,0.036965128236592426,0.8571428571428572,0.14909749667404612,,0.0
41,604223,0.07093952065828218,,0.10374089649800748,0.4919349550499539,
41,612711,0.05923914685443732,1.0,0.16590037908279934,,0.21821789023599242
41,615605,0.2486559639218493,,0.16616603238198932,0.7733045971672484,
41,617074,0.1065291961208098,,,,
41,629627,0.06015678465240143,0.8571428571428572,0.1580022600626259,,0.21821789023599242
41,634283,0.3318438665792094,0.7777777777777778,,,
41,635665,0.7837738059203148,0.875,0.15144563320384566,,0.21821789023599242
41,636990,0.8024292433631914,1.0,0.10584538863356029,0.5019960159204455,
41,638752,0.3136391639763487,,0.16853807035021717,0.7848566748139434,
41,643411,0.07851989416280614,1.0,0.16590037908279934,,0.21821789023599242
41,643925,0.44310963011133436,0.6363636363636362,0.15772285708527425,0.6356099432828283,0.21821789023599242
41,645393,0.28384648327964507,0.9230769230769231,,,
41,649553,0.0039379143120023,0.33333333333333337,0.013282660709046375,0.04472135954999581,0.15430334996209194
41,655636,0.9648054884744923,,,,
42,463126,0.007108917560838979,,,,
42,464459,0.6413933733295668,,,,
42,476124,0.2571680417122352,,,,
42,477769,0.2747562693274609,,,,
42,479204,0.6273525722682713,,,,
42,480268,0.21488266748316082,,,,
42,480375,0.5620303657225171,,,,
42,492937,0.25023128803284056,,,,
42,500192,0.2644014684662943,,,,
42,510483,0.6685746606394004,,,,
42,513182,0.32530674550069283,,,,
42,516694,0.49586998900523815,,,,
42,519424,0.34596205320238915,,,,
42,534034,0.23327775474163054,,,,
42,538892,0.4188833730988948,,,,
42,542965,0.4053544455487651,,,,
42,545850,0.16829574430992222,,,,
42,546999,0.34269535510667737,,,,
42,551810,0.48548793732176204,,,,
42,558277,0.2936228392776905,,,,
42,561312,0.2989107096776904,,,,
42,562598,0.3250467859556635,,,,
42,568093,0.5372665884814155,,,,
42,570284,0.38412879879657047,,,,
42,570847,0.3675539653337665,,,,
42,572391,0.3353459832885366,,,,
42,572500,0.6625520791767622,,,,
42,573206,0.687253176312169,,,,
42,581406,0.6768377046008666,,,,
42,584811,0.23412955207996566,,,,
42,585212,0.26022397816339055,,,,
42,593266,0.33141586715101523,,,,
42,594766,0.6437959164550862,,,,
42,595104,0.21325502116733863,,,,
42,598006,0.19326731828804505,,,,
42,598220,0.34234821447879166,,,,
42,599441,0.24476115706008422,,,,
42,604223,0.2901771075727013,,,,
42,612711,0.3207554268964284,,,,
42,615605,0.2489395238578448,,,,
42,617074,0.5775654661974552,,,,
42,629627,0.21311365947488736,,,,
42,634283,0.5965611573390196,,,,
42,635665,0.4051400343533318,,,,
42,636990,0.6055106036440806,,,,
42,638752,0.2581070622754962,,,,
42,643411,0.33147252489702883,,,,
42,643925,0.25243669686637105,,,,
42,645393,0.5289884033843587,,,,
42,649553,0.34469804932029424,,,,
42,655636,0.40041290072070007,,,,
43,463126,0.26870114676698253,,,,
43,464459,0.7934878268954499,,0.06641330354523188,,
43,476124,0.2845965280636754,,,,
43,477769,0.23612096904539354,,,,
43,479204,0.6416453581599997,,,,
43,480268,0.24942406463539574,,,,
43,480375,0.36317713104976124,,,,
43,492937,0.028114876318525606,,,,
43,500192,0.2163215511737958,,,,
43,510483,0.7649822220960596,,,,
43,513182,0.06607236643991604,,,,
43,516694,0.42227782296967303,,,,
43,519424,0.06923695539603042,,0.06837668097428079,0.32557641192199416,
43,534034,0.05971459110369287,,0.06300519184172046,,
43,538892,0.12762409136731362,,0.11270711351480169,,
43,542965,0.18298192493549287,,0.11270711351480169,,
43,545850,0.12012596315745422,,,,
43,546999,0.24088688978610617,,0.06901872962330151,0.3286335345030998,
43,551810,0.3449392596770326,,0.07091000389283493,0.33763886032268275,
43,558277,0.026436315795861587,,,,
43,561312,0.2849823476975485,,,,
43,562598,0.037708840340761995,,,,
43,568093,0.5865304459113291,,0.06439008677213941,,
43,570284,0.18154203577903633,,0.0966992295838863,0.46260134024881516,
43,570847,0.339752889851096,,,,
43,572391,0.10325501651737057,,0.11270711351480169,,
43,572500,0.48199101143268686,,0.05713088391549197,0.2720294101747089,
43,573206,0.669050714664805,,,,
43,581406,0.7144079245418111,,0.05713088391549197,0.2720294101747089,
43,584811,0.16166928775431022,,0.07395472493939095,0.31937438845342636,
43,585212,0.013389907163217418,,0.06772854614785963,,
43,593266,0.09626038843773194,,0.07335589140011285,0.3492849839314596,
43,594766,0.6309577839613711,,0.04969916555801537,0.2366431913239847,
43,595104,0.07950010684761205,,0.06641330354523188,0.322490309931942,
43,598006,0.09749873555423627,,0.06641330354523188,,
43,598220,0.39655781280510516,,,,
43,599441,0.02808994417735311,,0.06230120112209856,,
43,604223,0.004976890498841424,,0.0,0.0,
43,612711,0.06473675190547473,,0.06641330354523188,,
43,615605,0.21401391993944086,,0.07858128048656086,0.3741657386773942,
43,617074,0.26387306639548336,,,,
43,629627,0.07654000102557229,,0.07028523397077113,,
43,634283,0.40428821097879863,,,,
43,635665,0.6317224640128409,,0.06439008677213941,,
43,636990,0.8141641057160063,,0.06439008677213941,0.3065941943351179,
43,638752,0.31289457068302107,,0.07969596425427823,0.3794733192202056,
43,643411,0.04800496807317661,,0.06641330354523188,,
43,643925,0.3591918836838658,,0.06901872962330151,0.49396356140913883,
43,645393,0.3016929438638455,,,,
43,649553,0.062143492111851995,,0.10374089649800748,0.49396356140913883,
43,655636,0.8916474315209525,,,,
44,463126,0.6946414174941485,,,,
44,464459,0.3730734684606762,,,,
44,476124,0.775428438692288,,,,
44,477769,0.6189787508197715,,,,
44,479204,0.33409767207671737,,,,
44,480268,0.708017635344139,,,,
44,480375,0.44598153243614946,,,,
44,492937,0.7073002717194958,,,,
44,500192,0.6152908782688338,,,,
44,510483,0.412170333180108,,,,
44,513182,0.6990533106627401,,,,
44,516694,0.3752114864899645,,,,
44,519424,0.7077741371284322,,,,
44,534034,0.7212075882404867,,,,
44,538892,0.7849127038784068,,,,
44,542965,0.6880117071015126,,,,
44,545850,0.6751956908817728,,,,
44,546999,0.5955902617216501,,,,
44,551810,0.36842805786081045,,,,
44,558277,0.6385977619143618,,,,
44,561312,0.7121370217266798,,,,
44,562598,0.7102764786181606,,,,
44,568093,0.41981405145229306,,,,
44,570284,0.6294481915459409,,,,
44,570847,0.4206504331707444,,,,
44,572391,0.725013997605614,,,,
44,572500,0.474017834727672,,,,
44,573206,0.0022523934451279537,,,,
44,581406,0.4174488661761085,,,,
44,584811,0.6740134719531081,,,,
44,585212,0.6955080927835636,,,,
44,593266,0.7282522423008447,,,,
44,594766,0.5886715995590347,,,,
44,595104,0.7231651878140645,,,,
44,598006,0.6660820369753178,,,,
44,598220,0.603087487176778,,,,
44,599441,0.7392923894922059,,,,
44,604223,0.647844431803806,,,,
44,612711,0.7308788530774354,,,,
44,615605,0.6983387636764027,,,,
44,617074,0.649422262964394,,,,
44,629627,0.7063647406963587,,,,
44,634283,0.636400964615116,,,,
44,635665,0.4929355910406872,,,,
44,636990,0.36338443442826474,,,,
44,638752,0.7888545541531605,,,,
44,643411,0.6764010446559381,,,,
44,643925,0.6838063177532302,,,,
44,645393,0.6070598111701899,,,,
44,649553,0.7256055652842479,,,,
44,655636,0.45112631969965056,,,,
45,463126,0.6625125468835505,,,,
45,464459,0.5588333157481311,,0.05556535630636932,,
45,476124,0.6321254918199949,,,,
45,477769,0.32822287832646296,,,,
45,479204,0.438819270589073,,,,
45,480268,0.6832671487352499,,,,
45,480375,0.24143974368538146,,,,
45,492937,0.7309900548377655,,,,
45,500192,0.6208534379400761,,,,
45,510483,0.4882206843975537,,,,
45,513182,0.5971933092745987,,,,
45,516694,0.6323853238618862,,,,
45,519424,0.596844070632423,,0.05635355675740084,0.26832815729997483,
45,534034,0.6397320507102393,,0.0531306428361855,,
45,538892,0.4605512799945822,,0.10667556126171102,,
45,542965,0.5959818209668105,,0.10667556126171102,,
45,545850,0.652679586790601,,,,
45,546999,0.5899230466888387,,0.06439008677213941,0.3065941943351179,
45,551810,0.4825356400768633,,0.07914058491484235,0.37682887362833556,
45,558277,0.6779318120502706,,,,
45,561312,0.54523937523814,,,,
45,562598,0.6263171050744739,,,,
45,568093,0.39149995498947004,,0.054765813092639774,,
45,570284,0.6463478696127055,,0.08556755596447314,0.40743097574926745,
45,570847,0.39590287503601007,,,,
45,572391,0.6413211705356384,,0.10667556126171102,,
45,572500,0.33532117184170807,,0.06086879812962081,0.2898275349237888,
45,573206,0.5833196671655158,,,,
45,581406,0.4860965215986371,,0.0594018645349865,0.2828427124746191,
45,584811,0.32381124606519407,,0.0670741487128009,0.2828427124746191,
45,585212,0.6423655383641561,,0.06086879812962081,,
45,593266,0.5538948416942064,,0.0670741487128009,0.31937438845342636,
45,594766,0.0020671537332574985,,0.0,0.0,
45,595104,0.642363371722551,,0.061589164010403256,0.2792848008753788,
45,598006,0.7355561862082606,,0.05556535630636932,,
45,598220,0.5145896994178916,,,,
45,599441,0.5370682182346052,,0.0514435237194602,,
45,604223,0.6228203002505608,,0.048803611745517346,0.23237900077244508,
45,612711,0.6133422427595551,,0.05556535630636932,,
45,615605,0.6190257578262308,,0.08959644488359912,0.4266145801540309,
45,617074,0.46003624081390115,,,,
45,629627,0.7189919307338328,,0.07152931699546479,,
45,634283,0.3899881195427797,,,,
45,635665,0.4741274924263852,,0.0531306428361855,,
45,636990,0.6218880787596003,,0.07454874833702306,0.3549647869859771,
45,638752,0.32052289976616954,,0.09154442138548424,0.43588989435406744,
45,643411,0.5825609886011502,,0.05556535630636932,,
45,643925,0.7657446438835144,,0.061589164010403256,0.4582575694955841,
45,645393,0.28193538411882535,,,,
45,649553,0.5562483544634488,,0.10953162618527952,0.525357021462548,
45,655636,0.46571255256671396,,,,
46,463126,0.30230369788844036,,,,
46,464459,0.7442906338146932,,,,
46,476124,0.3451098719989789,,,,
46,477769,0.3679162983736701,,,,
46,479204,0.4788558975231322,,,,
46,480268,0.37581044509370326,,,,
46,480375,0.6152061381957681,,,,
46,492937,0.2329769808858903,,,,
46,500192,0.5022980953346414,,,,
46,510483,0.6940784787848404,,,,
46,513182,0.248784572053609,,,,
46,516694,0.44635984951416313,,,,
46,519424,0.21036432354762796,,,,
46,534034,0.23277577570972674,,,,
46,538892,0.10740645569035279,,,,
46,542965,0.2335282126132947,,,,
46,545850,0.2967567878939684,,,,
46,546999,0.25780430706372737,,,,
46,551810,0.41168655962880085,,,,
46,558277,0.2693944904734204,,,,
46,561312,0.0071288973766605035,,,,
46,562598,0.26098623562374634,,,,
46,568093,0.40197726807962986,,,,
46,570284,0.28849179974051514,,,,
46,570847,0.5700155875319103,,,,
46,572391,0.40697642689192887,,,,
46,572500,0.5849057714294892,,,,
46,573206,0.6917064295957988,,,,
46,581406,0.5721923550607784,,,,
46,584811,0.24301060709400613,,,,
46,585212,0.2251025658003385,,,,
46,593266,0.34395493389645626,,,,
46,594766,0.515838652514615,,,,
46,595104,0.34641443681771233,,,,
46,598006,0.3307558366539401,,,,
46,598220,0.1789363792435753,,,,
46,599441,0.19849355677535047,,,,
46,604223,0.25157225929750715,,,,
46,612711,0.2584036669981953,,,,
46,615605,0.41036773590799763,,,,
46,617074,0.3466489711617542,,,,
46,629627,0.2584941450771612,,,,
46,634283,0.3678153821091217,,,,
46,635665,0.6516245493990775,,,,
46,636990,0.6827585406167178,,,,
46,638752,0.32791129280782094,,,,
46,643411,0.31760438645934674,,,,
46,643925,0.46968093118030874,,,,
46,645393,0.37935803905861243,,,,
46,649553,0.19561206142991283,,,,
46,655636,0.652243266760846,,,,
47,463126,0.3548963885331352,,,,
47,464459,0.6628244051410632,,0.09939833111603073,,
47,476124,0.4943655369790162,,,,
47,477769,0.45378804756842417,,,,
47,479204,0.6658178714902588,,,,
47,480268,0.37729568312788164,,,,
47,480375,0.28800551066074787,,,,
47,492937,0.29850486810709587,,,,
47,500192,0.4615853375401156,,,,
47,510483,0.5504834396533826,,,,
47,513182,0.3415991660126364,,,,
47,516694,0.5393877270240834,,,,
47,519424,0.34265581654776006,,0.09154442138548424,0.43588989435406744,
47,534034,0.24155835698900185,,0.08659235364190584,,
47,538892,0.2304402546758929,,1.5198486589633246e-163,,
47,542965,0.25963569217629656,,1.5198486589633246e-163,,
47,545850,0.3506637334895712,,,,
47,546999,0.0034350034549285313,,0.009392259459566807,0.04472135954999581,
47,551810,0.42432791695986233,,0.0824167422748455,0.3924283374069717,
47,558277,0.2766117389550018,,,,
47,561312,0.24833370240259467,,,,
47,562598,0.27116644046753086,,,,
47,568093,0.2906012779334939,,0.08959644488359912,,
47,570284,0.3549916847063069,,0.08133935290919558,0.44944410108488475,
47,570847,0.6235147131984052,,,,
47,572391,0.4191656624552093,,1.5198486589633246e-163,,
47,572500,0.8306914653795685,,0.12027960837962033,0.5727128425310543,
47,573206,0.6384375945355184,,,,
47,581406,0.5576713210032112,,0.07969596425427823,0.3794733192202056,
47,584811,0.11653144612820626,,0.09939833111603073,0.3464101615137756,
47,585212,0.23556497540098026,,0.09008738798264515,,
47,593266,0.27071696722748084,,0.06086879812962081,0.2898275349237888,
47,594766,0.5440617780233473,,0.06507148232735646,0.30983866769659346,
47,595104,0.39917343066924116,,0.07630307655582612,0.35777087639996646,
47,598006,0.37133307562674966,,0.09939833111603073,,
47,598220,0.490251375889204,,,,
47,599441,0.25181052942256466,,0.08659235364190584,,
47,604223,0.24004694275762462,,0.06965486039444928,0.33166247903554,
47,612711,0.2141759396185921,,0.09939833111603073,,
47,615605,0.4475151005554886,,0.14398061109961374,0.6855654600401047,
47,617074,0.5441912331934433,,,,
47,629627,0.22757588888294888,,0.09895359362295165,,
47,634283,0.5851417199742612,,,,
47,635665,0.6355222261675364,,0.08959644488359912,,
47,636990,0.6187929945850548,,0.08505052672369182,0.4049691346263318,
47,638752,0.4463266942774033,,0.14182000778566986,0.6752777206453655,
47,643411,0.30116459586883815,,0.09939833111603073,,
47,643925,0.4456898568144101,,0.06574581621696765,0.3464101615137756,
47,645393,0.3777848236981248,,,,
47,649553,0.28459622865579787,,0.1123150875843605,0.5347896782848377,
47,655636,0.6453047673087697,,,,
48,463126,0.49148465462654,,,,
48,464459,0.5806611216169367,,,,
48,476124,0.5300908396918671,,,,
48,477769,0.4070419222569224,,,,
48,479204,0.5388945136824709,,,,
48,480268,0.5507876630937427,,,,
48,480375,0.14174303913330671,,,,
48,492937,0.32986505134021815,,,,
48,500192,0.2846247299305153,,,,
48,510483,0.4835523051153556,,,,
48,513182,0.39830277654987933,,,,
48,516694,0.5355815721636509,,,,
48,519424,0.3698018531253101,,,,
48,534034,0.3606739550120191,,,,
48,538892,0.32917928075062636,,,,
48,542965,0.4744806671985593,,,,
48,545850,0.41557918811173067,,,,
48,546999,0.3642445528695326,,,,
48,551810,0.3889160691712461,,,,
48,558277,0.2986762902610992,,,,
48,561312,0.3711257301804627,,,,
48,562598,0.2437110363150724,,,,
48,568093,0.6312351401897753,,,,
48,570284,0.2997899827346836,,,,
48,570847,0.4289065037810155,,,,
48,572391,0.4353325385820906,,,,
48,572500,0.525105152290857,,,,
48,573206,0.6240420886167378,,,,
48,581406,0.5484235124265936,,,,
48,584811,0.21066913160940215,,,,
48,585212,0.25561551134499805,,,,
48,593266,0.40656359394819075,,,,
48,594766,0.32279624622685454,,,,
48,595104,0.3482749775440289,,,,
48,598006,0.4184806667227903,,,,
48,598220,0.5066599010296665,,,,
48,599441,0.33040488803060464,,,,
48,604223,0.29730088387527476,,,,
48,612711,0.2931128164947522,,,,
48,615605,0.34848597591782726,,,,
48,617074,0.3686100785055213,,,,
48,629627,0.3440108440872436,,,,
48,634283,0.3381770239122731,,,,
48,635665,0.7320628491830121,,,,
48,636990,0.5821664275607883,,,,
48,638752,0.419963405576443,,,,
48,643411,0.2740688762525548,,,,
48,643925,0.4255421419777295,,,,
48,645393,0.008352659665084694,,,,
48,649553,0.2554995742716719,,,,
48,655636,0.8508091173568285,,,,
49,463126,0.5824219420034876,,,,
49,464459,0.6303337725013303,,,,
49,476124,0.5543067444989046,,,,
49,477769,0.3620081714298903,,,,
49,479204,0.3967405226908313,,,,
49,480268,0.4332949700479693,,,,
49,480375,0.5245431315617954,,,,
49,492937,0.486865829438316,,,,
49,500192,0.5025430312164041,,,,
49,510483,0.685356107935941,,,,
49,513182,0.42071148659663615,,,,
49,516694,0.44625979742041777,,,,
49,519424,0.3134015796650318,,,,
49,534034,0.43148258722049004,,,,
49,538892,0.38826808490569076,,,,
49,542965,0.4469499472564991,,,,
49,545850,0.531246242316507,,,,
49,546999,0.5752066346651934,,,,
49,551810,0.5227224902432899,,,,
49,558277,0.348089279941876,,,,
49,561312,0.39263427009731,,,,
49,562598,0.4020887144130223,,,,
49,568093,0.48247494469166213,,,,
49,570284,0.4580451452936277,,,,
49,570847,0.3773466559156841,,,,
49,572391,0.4170312758686396,,,,
49,572500,0.3850871932442908,,,,
49,573206,0.6281626669298719,,,,
49,581406,0.494133468579073,,,,
49,584811,0.37503163957883157,,,,
49,585212,0.450765704002188,,,,
49,593266,0.430666448678107,,,,
49,594766,0.38953029444896603,,,,
49,595104,0.512695520664896,,,,
49,598006,0.5414478469221871,,,,
49,598220,0.5039405241558756,,,,
49,599441,0.4576911905506746,,,,
49,604223,0.3967252514208655,,,,
49,612711,0.5740706214313432,,,,
49,615605,0.5715289104037293,,,,
49,617074,0.3944286246348595,,,,
49,629627,0.48610820769716345,,,,
49,634283,0.00447770058819319,,,,
49,635665,0.6500602702909781,,,,
49,636990,0.6425386629624761,,,,
49,638752,0.33071595877467397,,,,
49,643411,0.3880007205183867,,,,
49,643925,0.6103824445570833,,,,
49,645393,0.2996014629935937,,,,
49,649553,0.3287918973561985,,,,
49,655636,0.6448247562749997,,,,
52,463126,0.281498450256394,,,,
52,464459,0.7983434074862203,,,,
52,476124,0.34543991062048884,,,,
52,477769,0.39180263173313634,,,,
52,479204,0.41466369785787693,,,,
52,480268,0.40823087328717045,,,,
52,480375,0.6455252509323601,,,,
52,492937,0.4168348055497717,,,,
52,500192,0.5047711173618249,,,,
52,510483,0.7811931390614553,,,,
52,513182,0.4643048125956001,,,,
52,516694,0.3875521780943152,,,,
52,519424,0.30801105311340493,,,,
52,534034,0.4259162974946358,,,,
52,538892,0.29186084941151336,,,,
52,542965,0.3822922180160025,,,,
52,545850,0.3200730547193125,,,,
52,546999,0.4864244169783754,,,,
52,551810,0.4257782756819509,,,,
52,558277,0.46515503443453043,,,,
52,561312,0.16831050192634495,,,,
52,562598,0.44351408479395804,,,,
52,568093,0.5005463932009138,,,,
52,570284,0.434873484710641,,,,
52,570847,0.43855952582576224,,,,
52,572391,0.443346671882904,,,,
52,572500,0.6310269707363231,,,,
52,573206,0.5715185817357429,,,,
52,581406,0.5573857413606275,,,,
52,584811,0.42966261507941395,,,,
52,585212,0.38604292641061677,,,,
52,593266,0.43174798153769317,,,,
52,594766,0.49241248638764484,,,,
52,595104,0.38476872381376936,,,,
52,598006,0.38242253191068676,,,,
52,598220,0.007146102139756028,,,,
52,599441,0.3639816894008682,,,,
52,604223,0.4131953576784814,,,,
52,612711,0.4471417106193021,,,,
52,615605,0.3472639053895212,,,,
52,617074,0.5661950643547182,,,,
52,629627,0.48827434307164347,,,,
52,634283,0.5371209549313998,,,,
52,635665,0.47164365240566836,,,,
52,636990,0.5472883105653358,,,,
52,638752,0.30568895937011786,,,,
52,643411,0.4195307371347974,,,,
52,643925,0.3357464886697217,,,,
52,645393,0.5125522375049149,,,,
52,649553,0.42219989724506224,,,,
52,655636,0.40874296152823164,,,,
53,463126,0.600526213875254,,,,
53,464459,0.36043067853377514,,,,
53,476124,0.5914913570612863,,,,
53,477769,0.5145462203141633,,,,
53,479204,0.007210444711724218,,,,
53,480268,0.6935489003966677,,,,
53,480375,0.5663721407779537,,,,
53,492937,0.6164550329538787,,,,
53,500192,0.5390513130000099,,,,
53,510483,0.3518326977095849,,,,
53,513182,0.5911827486720301,,,,
53,516694,0.5694045814835741,,,,
53,519424,0.4959333900480891,,,,
53,534034,0.5516726942886453,,,,
53,538892,0.43285913721231706,,,,
53,542965,0.6044490933682918,,,,
53,545850,0.5394660172101684,,,,
53,546999,0.665547734343445,,,,
53,551810,0.5555891342189573,,,,
53,558277,0.6314007251555362,,,,
53,561312,0.5003897368648791,,,,
53,562598,0.6269669216795516,,,,
53,568093,0.5524283513236579,,,,
53,570284,0.4202048451614959,,,,
53,570847,0.584760480628731,,,,
53,572391,0.6725034998535296,,,,
53,572500,0.48676423292159376,,,,
53,573206,0.3407671683443865,,,,
53,581406,0.48405484280575933,,,,
53,584811,0.5095257579314167,,,,
53,585212,0.6474809708576522,,,,
53,593266,0.7217180871574992,,,,
53,594766,0.4575065782472764,,,,
53,595104,0.6041516417588495,,,,
53,598006,0.7238135597837432,,,,
53,598220,0.43099390368564994,,,,
53,599441,0.653832707748359,,,,
53,604223,0.6408157258851439,,,,
53,612711,0.6933133098969588,,,,
53,615605,0.4931441388886129,,,,
53,617074,0.5999639542942797,,,,
53,629627,0.5163594246546224,,,,
53,634283,0.4232667606664812,,,,
53,635665,0.4618266504257942,,,,
53,636990,0.42190664459025234,,,,
53,638752,0.5942003097563429,,,,
53,643411,0.572335706755048,,,,
53,643925,0.5435889808903117,,,,
53,645393,0.49657171688551577,,,,
53,649553,0.7350413175551562,,,,
53,655636,0.33376315734369133,,,,
54,463126,0.688841139061493,,,,
54,464459,0.20459104493562646,,,,
54,476124,0.5502370511195571,,,,
54,477769,0.7132909878688758,,,,
54,479204,0.4753955475914236,,,,
54,480268,0.6967560148956631,,,,
54,480375,0.5065052662642565,,,,
54,492937,0.671389993591349,,,,
54,500192,0.5879987755294657,,,,
54,510483,0.009182035819521817,,,,
54,513182,0.6988139365593615,,,,
54,516694,0.6840141683924292,,,,
54,519424,0.7659271428730154,,,,
54,534034,0.7078528161547247,,,,
54,538892,0.6271875292144379,,,,
54,542965,0.5396463119904968,,,,
54,545850,0.8292597404987359,,,,
54,546999,0.5758583516599844,,,,
54,551810,0.5144767080962025,,,,
54,558277,0.74083574807905,,,,
54,561312,0.730865714314477,,,,
54,562598,0.6607628483079568,,,,
54,568093,0.48715550996374596,,,,
54,570284,0.6110465665409333,,,,
54,570847,0.612120129586319,,,,
54,572391,0.7658929611035523,,,,
54,572500,0.5502179680777128,,,,
54,573206,0.4169062491041817,,,,
54,581406,0.40134846988485917,,,,
54,584811,0.6822214362710842,,,,
54,585212,0.746205354806219,,,,
54,593266,0.7670196621913676,,,,
54,594766,0.5037544735952142,,,,
54,595104,0.7276405793696289,,,,
54,598006,0.6597171393216905,,,,
54,598220,0.809847862991974,,,,
54,599441,0.7531559439728972,,,,
54,604223,0.7575021124814681,,,,
54,612711,0.6268836951705385,,,,
54,615605,0.660308008581216,,,,
54,617074,0.5765515695782658,,,,
54,629627,0.6341949327186021,,,,
54,634283,0.7093921444709882,,,,
54,635665,0.4686958623802537,,,,
54,636990,0.20665422733699257,,,,
54,638752,0.8707901413677737,,,,
54,643411,0.6878842392054337,,,,
54,643925,0.5503312737185764,,,,
54,645393,0.5225364594538907,,,,
54,649553,0.7037577052188372,,,,
54,655636,0.49915368778056934,,,,
55,463126,0.41851990873703687,,,,
55,464459,0.3465749891346639,,,,
55,476124,0.5529469232902511,,,,
55,477769,0.6847219117935774,,,,
55,479204,0.31105758728433175,,,,
55,480268,0.5319379759354559,,,,
55,480375,0.8696933789487018,,,,
55,492937,0.8484355037575362,,,,
55,500192,0.5737697090929994,,,,
55,510483,0.4589220524093989,,,,
55,513182,0.8190312125840148,,,,
55,516694,0.5227900814842175,,,,
55,519424,0.8555092962614814,,,,
55,534034,0.782701812646276,,,,
55,538892,0.7640866098576239,,,,
55,542965,0.7152534945377275,,,,
55,545850,0.6234721494101954,,,,
55,546999,0.6648554825077932,,,,
55,551810,0.6442202628699254,,,,
55,558277,0.8633665382695453,,,,
55,561312,0.6087398398942973,,,,
55,562598,0.9135794222900786,,,,
55,568093,0.4487157153925586,,,,
55,570284,0.7409476322696098,,,,
55,570847,0.6034658659760128,,,,
55,572391,0.6926339238162511,,,,
55,572500,0.5102211706740667,,,,
55,573206,0.4370559252149938,,,,
55,581406,0.39896419459419963,,,,
55,584811,0.7047569521850598,,,,
55,585212,0.8586708707780184,,,,
55,593266,0.8115625449635645,,,,
55,594766,0.4502322196227647,,,,
55,595104,0.7715423875919852,,,,
55,598006,0.8091976019756961,,,,
55,598220,0.4229152374933583,,,,
55,599441,0.8387942167840019,,,,
55,604223,0.904994868492818,,,,
55,612711,0.8874526178945789,,,,
55,615605,0.6089666291474228,,,,
55,617074,0.8763887834071477,,,,
55,629627,0.7664013729800088,,,,
55,634283,0.5949570212626841,,,,
55,635665,0.1978068640596562,,,,
55,636990,0.27424976364343945,,,,
55,638752,0.470326738296458,,,,
55,643411,0.8457277459332138,,,,
55,643925,0.5522058927793887,,,,
55,645393,0.8063993549239679,,,,
55,649553,0.9639746433819235,,,,
55,655636,0.0033853544852480155,,,,
56,463126,0.5891208925746798,,,,
56,464459,0.0827993284013091,,0.07513807567653445,,
56,476124,0.565224716609471,,,,
56,477769,0.7349090734943173,,,,
56,479204,0.5053029200158343,,,,
56,480268,0.6000674522085059,,,,
56,480375,0.5944625933227115,,,,
56,492937,0.7942373762268661,,,,
56,500192,0.7096276738213435,,,,
56,510483,0.202609978799157,,,,
56,513182,0.855043276804305,,,,
56,516694,0.6126160394368215,,,,
56,519424,0.8496210692047409,,0.12173759625924162,0.5796550698475776,
56,534034,0.8208707049691626,,0.07335589140011285,,
56,538892,0.8033804304413328,,0.13081903655290197,,
56,542965,0.5625272077894037,,0.13081903655290197,,
56,545850,0.8615516149664616,,,,
56,546999,0.6109313242636587,,0.0929786249633246,0.44271887242357316,
56,551810,0.7227537709201738,,0.09805806756909202,0.4669047011971502,
56,558277,0.7911229147349781,,,,
56,561312,0.673150878812615,,,,
56,562598,0.8167010254088076,,,,
56,568093,0.1854385791606899,,0.07395472493939095,,
56,570284,0.7411477534881166,,0.1074993230025785,0.4919349550499539,
56,570847,0.47470323651300084,,,,
56,572391,0.8191888101617375,,0.13081903655290197,,
56,572500,0.6690617739045375,,0.09057567008469473,0.4312771730569567,
56,573206,0.38732630990458217,,,,
56,581406,0.3665377780054089,,0.06507148232735646,0.30983866769659346,
56,584811,0.7994884758664187,,0.10993357845784717,0.40000000000000013,
56,585212,0.801100562529562,,0.07091000389283493,,
56,593266,0.8511612561412335,,0.09106133399553999,0.4335896677735762,
56,594766,0.6162293376596885,,0.07395472493939095,0.3521363372331803,
56,595104,0.8366127662073582,,0.09715428729537863,0.42895221179054444,
56,598006,0.680453353968749,,0.07513807567653445,,
56,598220,0.5614339233892228,,,,
56,599441,0.8452884777269793,,0.07275212894032264,,
56,604223,0.8192597359850883,,0.06574581621696765,0.3130495168499706,
56,612711,0.7751831566687528,,0.07513807567653445,,
56,615605,0.6861173398626748,,0.09760722349103469,0.46475800154489016,
56,617074,0.7894776113013018,,,,
56,629627,0.8350455303709592,,0.07630307655582612,,
56,634283,0.6445641343108791,,,,
56,635665,0.329292041505184,,0.07395472493939095,,
56,636990,0.007027547156283398,,0.0,0.0,
56,638752,0.8346982596165717,,0.09715428729537863,0.46260134024881516,
56,643411,0.8489166453261215,,0.07513807567653445,,
56,643925,0.35428604555220505,,0.09392259459566807,0.45387222871640887,
56,645393,0.5425087891004287,,,,
56,649553,0.7645318597687439,,0.10542785095615671,0.5019960159204455,
56,655636,0.3419576982638039,,,,
57,463126,0.690262556818398,,,,
57,464459,0.4216718040525634,,0.05057886510113531,,
57,476124,0.7718234297299204,,,,
57,477769,0.6386531393033896,,,,
57,479204,0.49745970726682265,,,,
57,480268,0.7964874816503087,,,,
57,480375,0.4196943467139723,,,,
57,492937,0.7722396710876593,,,,
57,500192,0.6604407670766194,,,,
57,510483,0.3874517824011571,,,,
57,513182,0.8093682382767,,,,
57,516694,0.5119429097407419,,,,
57,519424,0.6871753743726937,,0.10331485405523487,0.4919349550499539,
57,534034,0.7781698840799882,,0.04969916555801537,,
57,538892,0.5024639818910193,,0.11917441243273391,,
57,542965,0.6736294094766894,,0.11917441243273391,,
57,545850,0.7925797344714447,,,,
57,546999,0.5736365130196506,,0.0802474999995328,0.38209946349085605,
57,551810,0.2873968892797931,,0.09202497283106867,0.43817804600413296,
57,558277,0.7268030832382583,,,,
57,561312,0.6090503718408069,,,,
57,562598,0.7182358354472343,,,,
57,568093,0.4240910414555736,,0.04789131426105757,,
57,570284,0.5011003449520154,,0.08910279680247973,0.40000000000000013,
57,570847,0.614357797363404,,,,
57,572391,0.6885558482885177,,0.11917441243273391,,
57,572500,0.4189139811991273,,0.0670741487128009,0.31937438845342636,
57,573206,0.4121354356465926,,,,
57,581406,0.006068022660761119,,0.0,0.0,
57,584811,0.700365202676975,,0.07091000389283493,0.2828427124746191,
57,585212,0.7583211684700928,,0.0594018645349865,,
57,593266,0.805804460058843,,0.06772854614785963,0.322490309931942,
57,594766,0.47678450884436113,,0.0594018645349865,0.2828427124746191,
57,595104,0.7112059547809986,,0.07152931699546479,0.2932575659723036,
57,598006,0.7684724275283664,,0.05057886510113531,,
57,598220,0.519603126559078,,,,
57,599441,0.7341914114890771,,0.046961297297834034,,
57,604223,0.7205520417497697,,0.05789777573207146,0.27568097504180455,
57,612711,0.7112372822959346,,0.05057886510113531,,
57,615605,0.7188727293942639,,0.0929786249633246,0.44271887242357316,
57,617074,0.7350840161056726,,,,
57,629627,0.7872449254801708,,0.06086879812962081,,
57,634283,0.4919140475058081,,,,
57,635665,0.4019636027674617,,0.04789131426105757,,
57,636990,0.37247984662184097,,0.06641330354523188,0.31622776601683805,
57,638752,0.6763928221556857,,0.10626128567237099,0.5059644256269408,
57,643411,0.5919770829022247,,0.05057886510113531,,
57,643925,0.7328496555613138,,0.05789777573207146,0.3660601043544626,
57,645393,0.47219842348939395,,,,
57,649553,0.6930932317114663,,0.1154140164846937,0.5477225575051663,
57,655636,0.41919953888536177,,,,
58,463126,0.3272668414619877,,,,
58,464459,0.8350146231441695,,0.0824167422748455,,
58,476124,0.28351734172175713,,,,
58,477769,0.26508773807487285,,,,
58,479204,0.43632979193208093,,,,
58,480268,0.17099389205647098,,,,
58,480375,0.41304803283449654,,,,
58,492937,0.035549049346885186,,,,
58,500192,0.3672436148731905,,,,
58,510483,0.7584420891052261,,,,
58,513182,0.023385467863110188,,,,
58,516694,0.4568088196843809,,,,
58,519424,8.38321000404818e-05,,0.016267870581839115,0.07745966692414835,
58,534034,0.014215863298202513,,0.07801796655355565,,
58,538892,0.16147518910955294,,0.11991234154247433,,
58,542965,0.28003505796729766,,0.11991234154247433,,
58,545850,0.08753440545864544,,,,
58,546999,0.32509110567003036,,0.07801796655355565,0.3714835124201343,
58,551810,0.3390261135391881,,0.0670741487128009,0.31937438845342636,
58,558277,0.015369503134362805,,,,
58,561312,0.22886192193789756,,,,
58,562598,0.01785912406010709,,,,
58,568093,0.6381843252065295,,0.08079527086365167,,
58,570284,0.08287208715981703,,0.09485717079427289,0.4560701700396553,
58,570847,0.4352018051231206,,,,
58,572391,0.13643345149304736,,0.11991234154247433,,
58,572500,0.5477638230441577,,0.06901872962330151,0.3286335345030998,
58,573206,0.6961733380024308,,,,
58,581406,0.6848370314878257,,0.07858128048656086,0.3741657386773942,
58,584811,0.18092922563038083,,0.09939833111603073,0.3974921382870359,
58,585212,0.010382082004348925,,0.08079527086365167,,
58,593266,0.06055642685858842,,0.09202497283106867,0.43817804600413296,
58,594766,0.5990345644654334,,0.058654641525433114,0.2792848008753788,
58,595104,0.042247002308414994,,0.08505052672369182,0.40000000000000013,
58,598006,0.08786052455946458,,0.0824167422748455,,
58,598220,0.2788367460249108,,,,
58,599441,0.00961218957661919,,0.07801796655355565,,
58,604223,0.05984918284361607,,0.07513807567653445,0.35777087639996646,
58,612711,0.05794720906236428,,0.0824167422748455,,
58,615605,0.17326704986130265,,0.10028188921317611,0.477493455452533,
58,617074,0.16658438164894734,,,,
58,629627,0.023640495448681575,,0.09202497283106867,,
58,634283,0.329641254960936,,,,
58,635665,0.8023778060481054,,0.08079527086365167,,
58,636990,0.8647235121502408,,0.08348022809450122,0.3974921382870359,
58,638752,0.1674564758851152,,0.1007207617222961,0.4795831523312721,
58,643411,0.062375443972535694,,0.0824167422748455,,
58,643925,0.34114157115857213,,0.08659235364190584,0.6212889826803628,
58,645393,0.4292476902639816,,,,
58,649553,0.04538137366143957,,0.10831682012284309,0.5099019513592786,
58,655636,0.8515156440618601,,,,
59,463126,0.28291724513854555,,,,
59,464459,0.8316468898015785,,,,
59,476124,0.3222628000247877,,,,
59,477769,0.42565771647394024,,,,
59,479204,0.6152208636433043,,,,
59,480268,0.13341147992570868,,,,
59,480375,0.38075802373923723,,,,
59,492937,0.022509752841820996,,,,
59,500192,0.2650348525384344,,,,
59,510483,0.7446104132928096,,,,
59,513182,0.02099111068094839,,,,
59,516694,0.37673281206655784,,,,
59,519424,0.0163140785652664,,,,
59,534034,0.012059540268237967,,,,
59,538892,0.26473984371983517,,,,
59,542965,0.3030815972197328,,,,
59,545850,0.07586074575791596,,,,
59,546999,0.25319276385201905,,,,
59,551810,0.408915996260528,,,,
59,558277,0.0005359238806785793,,,,
59,561312,0.2965613368091808,,,,
59,562598,0.017552349742763984,,,,
59,568093,0.685961732228199,,,,
59,570284,0.12483978520024841,,,,
59,570847,0.4888273381721619,,,,
59,572391,0.09407298069057796,,,,
59,572500,0.5601187152374054,,,,
59,573206,0.6283805109902736,,,,
59,581406,0.7238125512691033,,,,
59,584811,0.16857779366849723,,,,
59,585212,0.010403196609542198,,,,
59,593266,0.06946484497084776,,,,
59,594766,0.6863628967599522,,,,
59,595104,0.09920870835540097,,,,
59,598006,0.09129984186898427,,,,
59,598220,0.4437527787804756,,,,
59,599441,0.01838178514426858,,,,
59,604223,0.037874749889830917,,,,
59,612711,0.061649925664540584,,,,
59,615605,0.1555898575075373,,,,
59,617074,0.08423246789293692,,,,
59,629627,0.0260901869730516,,,,
59,634283,0.36956606517622714,,,,
59,635665,0.7870852233787882,,,,
59,636990,0.802872876252178,,,,
59,638752,0.22950630242980924,,,,
59,643411,0.060721070448309766,,,,
59,643925,0.2585228962420546,,,,
59,645393,0.37411878551804506,,,,
59,649553,0.05287376837182395,,,,
59,655636,0.8356850680460104,,,,
60,463126,0.3178065838500602,,,,
60,464459,0.8297893770801499,,,,
60,476124,0.2343343629153012,,,,
60,477769,0.2923280302788598,,,,
60,479204,0.6112114515727793,,,,
60,480268,0.20539851464442416,,,,
60,480375,0.3916462308033081,,,,
60,492937,0.004134646739394399,,,,
60,500192,0.22191139709521385,,,,
60,510483,0.6604672802958507,,,,
60,513182,0.020675671717468813,,,,
60,516694,0.47814965668389325,,,,
60,519424,0.021063504691830215,,,,
60,534034,0.019466751802648008,,,,
60,538892,0.1684127924749555,,,,
60,542965,0.19963128833025817,,,,
60,545850,0.1140441199385101,,,,
60,546999,0.26242290366427423,,,,
60,551810,0.2426536540508869,,,,
60,558277,0.014227811967873427,,,,
60,561312,0.29027216557303637,,,,
60,562598,0.00021058018713970839,,,,
60,568093,0.6665994730713036,,,,
60,570284,0.12526625452080398,,,,
60,570847,0.3686280804228267,,,,
60,572391,0.12785519166263587,,,,
60,572500,0.5554336401188243,,,,
60,573206,0.7119082493630516,,,,
60,581406,0.7240456379056489,,,,
60,584811,0.16183939963003197,,,,
60,585212,0.009356561532781416,,,,
60,593266,0.0672338543720149,,,,
60,594766,0.6391921523888819,,,,
60,595104,0.04139035264311741,,,,
60,598006,0.07408502948614959,,,,
60,598220,0.43560316867111293,,,,
60,599441,0.003985100632594218,,,,
60,604223,0.03316009817796095,,,,
60,612711,0.0166060828087094,,,,
60,615605,0.2028586374107531,,,,
60,617074,0.18573242518747907,,,,
60,629627,0.023158739773455117,,,,
60,634283,0.4195664835492748,,,,
60,635665,0.747217928279137,,,,
60,636990,0.8343008333734103,,,,
60,638752,0.24696978539270198,,,,
60,643411,0.02357454468012421,,,,
60,643925,0.3429547934326944,,,,
60,645393,0.2939805767973259,,,,
60,649553,0.032995430272356796,,,,
60,655636,0.9059613410338407,,,,
61,463126,0.24562858185463554,,,,
61,464459,0.8410503201175892,,,,
61,476124,0.12195790424523134,,,,
61,477769,0.427984777907763,,,,
61,479204,0.6141410055729242,,,,
61,480268,0.14170070528978468,,,,
61,480375,0.49636089256327426,,,,
61,492937,0.0011121387820279827,,,,
61,500192,0.2138394344769155,,,,
61,510483,0.6626362326332442,,,,
61,513182,0.02426053264573319,,,,
61,516694,0.4580179804651019,,,,
61,519424,0.036477137498206025,,,,
61,534034,0.02049028208147302,,,,
61,538892,0.22087585607872495,,,,
61,542965,0.14877303117633361,,,,
61,545850,0.11192220571001937,,,,
61,546999,0.28616570978645484,,,,
61,551810,0.3816599008363424,,,,
61,558277,0.022269651411394198,,,,
61,561312,0.2601136883355675,,,,
61,562598,0.0033985441018217766,,,,
61,568093,0.7421690160323362,,,,
61,570284,0.11707685851520044,,,,
61,570847,0.5452478717755994,,,,
61,572391,0.07406203832185643,,,,
61,572500,0.5557226065835001,,,,
61,573206,0.7063321676227582,,,,
61,581406,0.7622902476368792,,,,
61,584811,0.1666222599369499,,,,
61,585212,0.02030236680980879,,,,
61,593266,0.09645595675783214,,,,
61,594766,0.7460845003541223,,,,
61,595104,0.10922170382370955,,,,
61,598006,0.06120102124360294,,,,
61,598220,0.40921052687485354,,,,
61,599441,0.012731293411549882,,,,
61,604223,0.03291478291561778,,,,
61,612711,0.023344248241426613,,,,
61,615605,0.15998795877767014,,,,
61,617074,0.20674641995002674,,,,
61,629627,0.0166424381199326,,,,
61,634283,0.5090991170019757,,,,
61,635665,0.751895744093503,,,,
61,636990,0.8175687984371016,,,,
61,638752,0.2757568110727367,,,,
61,643411,0.061680852653493434,,,,
61,643925,0.19955916330367368,,,,
61,645393,0.4072936470414714,,,,
61,649553,0.04757268651733698,,,,
61,655636,0.843226928534429,,,,
62,463126,0.3198768534742825,,,,
62,464459,0.803817886729876,,,,
62,476124,0.22940703883994124,,,,
62,477769,0.3742964873657868,,,,
62,479204,0.5435105905032878,,,,
62,480268,0.1545328631921184,,,,
62,480375,0.5031844735129234,,,,
62,492937,0.027695836452938716,,,,
62,500192,0.367409207278359,,,,
62,510483,0.7101399588242614,,,,
62,513182,0.0028329145277539713,,,,
62,516694,0.5005411244386699,,,,
62,519424,0.023469740259456418,,,,
62,534034,0.03305124129414988,,,,
62,538892,0.10749927931020259,,,,
62,542965,0.273491999941758,,,,
62,545850,0.09128164239727982,,,,
62,546999,0.3391180165879523,,,,
62,551810,0.33960990538016234,,,,
62,558277,0.02826212244787002,,,,
62,561312,0.27112584614704016,,,,
62,562598,0.03424680104785521,,,,
62,568093,0.7182543619288948,,,,
62,570284,0.12036198263815467,,,,
62,570847,0.5169541512005562,,,,
62,572391,0.06820094190959225,,,,
62,572500,0.3251835050748004,,,,
62,573206,0.6864783433781529,,,,
62,581406,0.7897472456202341,,,,
62,584811,0.22010020246388046,,,,
62,585212,0.04355090544199641,,,,
62,593266,0.07967900521923843,,,,
62,594766,0.6103274494084893,,,,
62,595104,0.1120608513797654,,,,
62,598006,0.06592705160189599,,,,
62,598220,0.4468547910217597,,,,
62,599441,0.032322344661460944,,,,
62,604223,0.07181684584037201,,,,
62,612711,0.060976950999471924,,,,
62,615605,0.15993711215490997,,,,
62,617074,0.04205320093344589,,,,
62,629627,0.026832712639218104,,,,
62,634283,0.4267990577889148,,,,
62,635665,0.746187228715392,,,,
62,636990,0.8728233684553913,,,,
62,638752,0.24382206967175352,,,,
62,643411,0.0539578541373511,,,,
62,643925,0.39532301855892027,,,,
62,645393,0.5042233176579,,,,
62,649553,0.04802315037822419,,,,
62,655636,0.7936563524623776,,,,
63,463126,0.5122961695427966,,,,
63,464459,0.6672752245531406,,0.10028188921317611,,
63,476124,0.46167160517392203,,,,
63,477769,0.4035214911091274,,,,
63,479204,0.5461121201900385,,,,
63,480268,0.5593842181310751,,,,
63,480375,0.39829659059259015,,,,
63,492937,0.3804469058964668,,,,
63,500192,0.45724973295187954,,,,
63,510483,0.4795204616684203,,,,
63,513182,0.29362682574851384,,,,
63,516694,0.5066167896512103,,,,
63,519424,0.3328694257450452,,0.06230120112209856,0.2966479394838266,
63,534034,0.38230582732760005,,0.09895359362295165,,
63,538892,0.28540994768930084,,1.5198486589633246e-163,,
63,542965,0.4645988061810951,,1.5198486589633246e-163,,
63,545850,0.35173777536505435,,,,
63,546999,0.37257414562724406,,0.08400692245562727,0.40000000000000013,
63,551810,0.011669106183397226,,0.009392259459566807,0.04472135954999581,
63,558277,0.401352464929672,,,,
63,561312,0.41775165677168336,,,,
63,562598,0.18419229594535247,,,,
63,568093,0.5803174561087776,,0.09939833111603073,,
63,570284,0.36519419182737634,,0.09805806756909202,0.4878524367060188,
63,570847,0.4972861014478423,,,,
63,572391,0.4499659645972262,,1.5198486589633246e-163,,
63,572500,0.5352438388149745,,0.0824167422748455,0.3924283374069717,
63,573206,0.42250745283838004,,,,
63,581406,0.2559613536364779,,0.08959644488359912,0.4266145801540309,
63,584811,0.37712869433783497,,0.12027960837962033,0.4857983120596449,
63,585212,0.4332493048694117,,0.10028188921317611,,
63,593266,0.39612574439475134,,0.10667556126171102,0.5079370039680119,
63,594766,0.47994812320524316,,0.07858128048656086,0.3741657386773942,
63,595104,0.22840633702991736,,0.09485717079427289,0.47116875957558996,
63,598006,0.3589601998887514,,0.10028188921317611,,
63,598220,0.4400997787571189,,,,
63,599441,0.3575750216830518,,0.09850684825503472,,
63,604223,0.28506362538622926,,0.07091000389283493,0.33763886032268275,
63,612711,0.3654731552030097,,0.10028188921317611,,
63,615605,0.5569688129322197,,0.0925030278548478,0.44045431091090487,
63,617074,0.44876547399889083,,,,
63,629627,0.27798271150262555,,0.09895359362295165,,
63,634283,0.5104757975351917,,,,
63,635665,0.6318681246688649,,0.09939833111603073,,
63,636990,0.7259025505771544,,0.09715428729537863,0.46260134024881516,
63,638752,0.439544487567577,,0.10416519641399487,0.49598387070549,
63,643411,0.2655914833967855,,0.10028188921317611,,
63,643925,0.5747983669244029,,0.1028870474389204,0.7197221686178634,
63,645393,0.396425837899293,,,,
63,649553,0.291954461962947,,0.0925030278548478,0.44271887242357316,
63,655636,0.6414272790523659,,,,
64,463126,0.5661990383501087,,,,
64,464459,0.8191675857848406,,,,
64,476124,0.22404834706012267,,,,
64,477769,0.3923656360915927,,,,
64,479204,0.5497987148236154,,,,
64,480268,0.23621333047719628,,,,
64,480375,0.39602881208618695,,,,
64,492937,0.19967431948341713,,,,
64,500192,0.43561206054438656,,,,
64,510483,0.5990492106582339,,,,
64,513182,0.039794229238911405,,,,
64,516694,0.6122673450508671,,,,
64,519424,0.15799785923378995,,,,
64,534034,0.18917604681404337,,,,
64,538892,0.27255773905965336,,,,
64,542965,0.32967349281868996,,,,
64,545850,0.29890371714715014,,,,
64,546999,0.5422320933799257,,,,
64,551810,0.4566483866321414,,,,
64,558277,0.10103461999710572,,,,
64,561312,0.34468140755850946,,,,
64,562598,0.18286130176876814,,,,
64,568093,0.6700074405262975,,,,
64,570284,0.20644994083018253,,,,
64,570847,0.44459462781640674,,,,
64,572391,0.2590027080710383,,,,
64,572500,0.4390621158665197,,,,
64,573206,0.652109176437382,,,,
64,581406,0.7314844596988228,,,,
64,584811,0.47685553442113565,,,,
64,585212,0.21017223815096614,,,,
64,593266,0.20061876565178016,,,,
64,594766,0.4705422578389772,,,,
64,595104,0.2608689771908565,,,,
64,598006,0.26624358574510004,,,,
64,598220,0.5533489536428112,,,,
64,599441,0.18403414994596462,,,,
64,604223,0.23715689067427842,,,,
64,612711,0.19701869663506083,,,,
64,615605,0.3765180861241475,,,,
64,617074,0.004543827363989783,,,,
64,629627,0.2687937698986004,,,,
64,634283,0.3958347137936612,,,,
64,635665,0.7463547095500488,,,,
64,636990,0.8119124721436509,,,,
64,638752,0.3397643890381369,,,,
64,643411,0.2349783933950228,,,,
64,643925,0.3695185828957781,,,,
64,645393,0.43418687858218963,,,,
64,649553,0.13953148454410635,,,,
64,655636,0.8714418500004952,,,,
65,463126,0.3050574802965934,,,,
65,464459,0.8100434951728767,,0.05635355675740084,,
65,476124,0.22230051236641124,,,,
65,477769,0.32316518814853895,,,,
65,479204,0.7153876527043406,,,,
65,480268,0.1548348054708601,,,,
65,480375,0.3977045986837563,,,,
65,492937,0.0761944139239436,,,,
65,500192,0.3309132164864793,,,,
65,510483,0.7797621585625425,,,,
65,513182,0.05770690990704175,,,,
65,516694,0.5078839647792348,,,,
65,519424,0.06430737917688556,,0.07152931699546479,0.34058772731852816,
65,534034,0.07445927806674824,,0.046961297297834034,,
65,538892,0.24729031140623842,,1.5198486589633246e-163,,
65,542965,0.24818709867106986,,1.5198486589633246e-163,,
65,545850,0.10251586026251491,,,,
65,546999,0.2539511239429254,,0.061589164010403256,0.2932575659723036,
65,551810,0.40907357132681194,,0.10374089649800748,0.49396356140913883,
65,558277,0.06011869637020534,,,,
65,561312,0.3490022365670106,,,,
65,562598,0.06480638583349174,,,,
65,568093,0.5780577048622759,,0.0514435237194602,,
65,570284,0.21960163526749787,,0.07513807567653445,0.322490309931942,
65,570847,0.41973299684034315,,,,
65,572391,0.053931423598137906,,1.5198486589633246e-163,,
65,572500,0.5903615262729472,,0.06641330354523188,0.31622776601683805,
65,573206,0.7257202125514961,,,,
65,581406,0.797793809396999,,0.06507148232735646,0.30983866769659346,
65,584811,0.29636613594264727,,0.02817677837870042,0.17888543819998323,
65,585212,0.06756351375907615,,0.052293887505429223,,
65,593266,0.006572221389187394,,0.0,0.0,
65,594766,0.5898844460134933,,0.06641330354523188,0.31622776601683805,
65,595104,0.09163646940043113,,0.04304073992012992,0.16733200530681513,
65,598006,0.10633386632574421,,0.05635355675740084,,
65,598220,0.4608205750104987,,,,
65,599441,0.06022315925654831,,0.046961297297834034,,
65,604223,0.08120241258145211,,0.07275212894032264,0.3464101615137756,
65,612711,0.0657643748594024,,0.05635355675740084,,
65,615605,0.16400227213764695,,0.10626128567237099,0.5059644256269408,
65,617074,0.19315237713718497,,,,
65,629627,0.05214414753960217,,0.052293887505429223,,
65,634283,0.48212801160776986,,,,
65,635665,0.8641455621493155,,0.0514435237194602,,
65,636990,0.8815280694627791,,0.08710023103873323,0.41472882706655456,
65,638752,0.19321594733076142,,0.10374089649800748,0.49396356140913883,
65,643411,0.1057060891447057,,0.05635355675740084,,
65,643925,0.30881382340493724,,0.02817677837870042,0.11832159566199235,
65,645393,0.4775966251926699,,,,
65,649553,0.08142386741761765,,0.1321608053685085,0.6164414002968979,
65,655636,0.7854050408287715,,,,
73,464459,,0.6666666666666667,0.009392259459566807,,0.15430334996209194
73,477769,,1.0,,,
73,479204,,0.875,,,
73,500192,,0.8333333333333334,,,
73,510483,,1.0,,,
73,519424,,1.0,0.08295018954139967,,
73,534034,,1.0,0.016267870581839115,,0.2672612419124244
73,538892,,1.0,0.06086879812962081,,1.0
73,542965,,1.0,0.06086879812962081,,1.0
73,546999,,0.8888888888888888,0.09057567008469473,,
73,562598,,1.0,,,
73,568093,,0.0,0.0,,0.0
73,570284,,1.0,0.10708823421952984,,0.0
73,570847,,1.0,,,
73,572391,,1.0,0.06086879812962081,,1.0
73,573206,,0.875,,,
73,584811,,0.75,0.03637606447016132,,
73,585212,,1.0,0.016267870581839115,,0.2672612419124244
73,593266,,0.75,0.0514435237194602,,
73,598006,,1.0,0.009392259459566807,,0.15430334996209194
73,598220,,1.0,,,
73,599441,,1.0,0.009392259459566807,,0.15430334996209194
73,612711,,1.0,0.009392259459566807,,0.15430334996209194
73,629627,,1.0,0.009392259459566807,,0.15430334996209194
73,634283,,1.0,,,
73,635665,,0.4,0.009392259459566807,,0.15430334996209194
73,636990,,1.0,0.07395472493939095,,
73,643411,,1.0,0.009392259459566807,,0.15430334996209194
73,643925,,1.0,0.058654641525433114,,0.15430334996209194
73,645393,,1.0,,,
73,649553,,0.875,0.1520270005361726,,0.21821789023599242
74,464459,,0.6666666666666667,0.0,,0.0
74,477769,,1.0,,,
74,479204,,0.875,,,
74,500192,,0.8333333333333334,,,
74,510483,,1.0,,,
74,519424,,1.0,0.1028870474389204,,
74,534034,,1.0,0.013282660709046375,,0.21821789023599242
74,538892,,1.0,1.5198486589633246e-163,,2.4969256920874125e-162
74,542965,,1.0,1.5198486589633246e-163,,2.4969256920874125e-162
74,546999,,0.8888888888888888,0.10028188921317611,,
74,562598,,1.0,,,
74,568093,,0.0,0.009392259459566807,,0.15430334996209194
74,570284,,1.0,0.11464713745060319,,0.15430334996209194
74,570847,,1.0,,,
74,572391,,1.0,1.5198486589633246e-163,,2.4969256920874125e-162
74,573206,,0.875,,,
74,584811,,0.75,0.03872527781500059,,
74,585212,,1.0,0.013282660709046375,,0.21821789023599242
74,593266,,0.75,0.05635355675740084,,
74,598006,,1.0,0.0,,0.0
74,598220,,1.0,,,
74,599441,,1.0,0.013282660709046375,,0.21821789023599242
74,612711,,1.0,0.0,,0.0
74,629627,,1.0,0.013282660709046375,,0.21821789023599242
74,634283,,1.0,,,
74,635665,,0.4,0.0,,0.0
74,636990,,1.0,0.07513807567653445,,
74,643411,,1.0,0.0,,0.0
74,643925,,1.0,0.06230120112209856,,0.15430334996209194
74,645393,,1.0,,,
74,649553,,0.875,0.16643126165275612,,0.2672612419124244
75,464459,,0.6666666666666667,0.0,,0.0
75,477769,,1.0,,,
75,479204,,0.875,,,
75,500192,,0.8333333333333334,,,
75,510483,,1.0,,,
75,519424,,1.0,0.08295018954139967,,
75,534034,,1.0,0.013282660709046375,,0.21821789023599242
75,538892,,1.0,1.5198486589633246e-163,,2.4969256920874125e-162
75,542965,,1.0,1.5198486589633246e-163,,2.4969256920874125e-162
75,546999,,0.8888888888888888,0.09057567008469473,,
75,562598,,1.0,,,
75,568093,,0.0,0.009392259459566807,,0.15430334996209194
75,570284,,1.0,0.10708823421952984,,0.15430334996209194
75,570847,,1.0,,,
75,572391,,1.0,1.5198486589633246e-163,,2.4969256920874125e-162
75,573206,,0.875,,,
75,584811,,0.75,0.03637606447016132,,
75,585212,,1.0,0.013282660709046375,,0.21821789023599242
75,593266,,0.75,0.0514435237194602,,
75,598006,,1.0,0.0,,0.0
75,598220,,1.0,,,
75,599441,,1.0,0.013282660709046375,,0.21821789023599242
75,612711,,1.0,0.0,,0.0
75,629627,,1.0,0.013282660709046375,,0.21821789023599242
75,634283,,1.0,,,
75,635665,,0.4,0.0,,0.0
75,636990,,1.0,0.07395472493939095,,
75,643411,,1.0,0.0,,0.0
75,643925,,1.0,0.058654641525433114,,0.15430334996209194
75,645393,,1.0,,,
75,649553,,0.875,0.1520270005361726,,0.2672612419124244
77,464459,,0.9166666666666666,0.013282660709046375,,0.21821789023599242
77,477769,,1.0,,,
77,479204,,1.0,,,
77,500192,,0.8571428571428572,,,
77,510483,,0.8333333333333334,,,
77,519424,,0.9090909090909091,0.08659235364190584,,
77,534034,,0.4285714285714286,0.018784518919133613,,0.3086066999241839
77,538892,,0.75,1.5198486589633246e-163,,2.4969256920874125e-162
77,542965,,0.8,1.5198486589633246e-163,,2.4969256920874125e-162
77,546999,,1.0,0.09202497283106867,,
77,562598,,1.0,,,
77,568093,,1.0,0.009392259459566807,,0.15430334996209194
77,570284,,0.8571428571428572,0.1074993230025785,,0.15430334996209194
77,570847,,0.8571428571428572,,,
77,572391,,0.7142857142857143,1.5198486589633246e-163,,2.4969256920874125e-162
77,573206,,1.0,,,
77,584811,,0.9,0.037569037838267226,,
77,585212,,0.33333333333333337,0.018784518919133613,,0.3086066999241839
77,593266,,1.0,0.052293887505429223,,
77,598006,,1.0,0.013282660709046375,,0.21821789023599242
77,598220,,1.0,,,
77,599441,,0.0,0.018784518919133613,,0.3086066999241839
77,612711,,1.0,0.013282660709046375,,0.21821789023599242
77,629627,,0.0,0.009392259459566807,,0.15430334996209194
77,634283,,0.7777777777777778,,,
77,635665,,0.875,0.013282660709046375,,0.21821789023599242
77,636990,,1.0,0.07152931699546479,,
77,643411,,0.8888888888888888,0.013282660709046375,,0.21821789023599242
77,643925,,0.8461538461538461,0.05789777573207146,,0.0
77,645393,,0.9230769230769231,,,
77,649553,,0.8888888888888888,0.15056937339062784,,0.2672612419124244
78,464459,,0.9166666666666666,0.013282660709046375,,0.21821789023599242
78,477769,,1.0,,,
78,479204,,1.0,,,
78,500192,,0.8571428571428572,,,
78,510483,,0.8333333333333334,,,
78,519424,,0.9090909090909091,0.0802474999995328,,
78,534034,,0.4285714285714286,0.0,,0.0
78,538892,,0.75,1.5198486589633246e-163,,2.4969256920874125e-162
78,542965,,0.8,1.5198486589633246e-163,,2.4969256920874125e-162
78,546999,,1.0,0.0876051641443387,,
78,562598,,1.0,,,
78,568093,,1.0,0.016267870581839115,,0.2672612419124244
78,570284,,0.8571428571428572,0.1024574545503783,,0.21821789023599242
78,570847,,0.8571428571428572,,,
78,572391,,0.7142857142857143,1.5198486589633246e-163,,2.4969256920874125e-162
78,573206,,1.0,,,
78,584811,,0.9,0.033864273073929814,,
78,585212,,0.33333333333333337,0.013282660709046375,,0.21821789023599242
78,593266,,1.0,0.046961297297834034,,
78,598006,,1.0,0.013282660709046375,,0.21821789023599242
78,598220,,1.0,,,
78,599441,,0.0,0.013282660709046375,,0.21821789023599242
78,612711,,1.0,0.013282660709046375,,0.21821789023599242
78,629627,,0.0,0.018784518919133613,,0.3086066999241839
78,634283,,0.7777777777777778,,,
78,635665,,0.875,0.013282660709046375,,0.21821789023599242
78,636990,,1.0,0.07335589140011285,,
78,643411,,0.8888888888888888,0.013282660709046375,,0.21821789023599242
78,643925,,0.8461538461538461,0.05635355675740084,,0.2672612419124244
78,645393,,0.9230769230769231,,,
78,649553,,0.8888888888888888,0.149687984120232,,0.15430334996209194
79,464459,,0.9166666666666666,0.013282660709046375,,0.21821789023599242
79,477769,,1.0,,,
79,479204,,1.0,,,
79,500192,,0.8571428571428572,,,
79,510483,,0.8333333333333334,,,
79,519424,,0.9090909090909091,0.0802474999995328,,
79,534034,,0.4285714285714286,0.013282660709046375,,0.21821789023599242
79,538892,,0.75,1.5198486589633246e-163,,2.4969256920874125e-162
79,542965,,0.8,1.5198486589633246e-163,,2.4969256920874125e-162
79,546999,,1.0,0.0876051641443387,,
79,562598,,1.0,,,
79,568093,,1.0,0.009392259459566807,,0.15430334996209194
79,570284,,0.8571428571428572,0.1024574545503783,,0.2672612419124244
79,570847,,0.8571428571428572,,,
79,572391,,0.7142857142857143,1.5198486589633246e-163,,2.4969256920874125e-162
79,573206,,1.0,,,
79,584811,,0.9,0.033864273073929814,,
79,585212,,0.33333333333333337,0.018784518919133613,,0.3086066999241839
79,593266,,1.0,0.046961297297834034,,
79,598006,,1.0,0.013282660709046375,,0.21821789023599242
79,598220,,1.0,,,
79,599441,,0.0,0.0,,0.0
79,612711,,1.0,0.013282660709046375,,0.21821789023599242
79,629627,,0.0,0.018784518919133613,,0.3086066999241839
79,634283,,0.7777777777777778,,,
79,635665,,0.875,0.013282660709046375,,0.21821789023599242
79,636990,,1.0,0.07275212894032264,,
79,643411,,0.8888888888888888,0.013282660709046375,,0.21821789023599242
79,643925,,0.8461538461538461,0.05635355675740084,,0.21821789023599242
79,645393,,0.9230769230769231,,,
79,649553,,0.8888888888888888,0.149687984120232,,0.15430334996209194
80,464459,,0.9166666666666666,0.013282660709046375,,0.21821789023599242
80,477769,,1.0,,,
80,479204,,1.0,,,
80,500192,,0.8571428571428572,,,
80,510483,,0.8333333333333334,,,
80,519424,,0.9090909090909091,0.08348022809450122,,
80,534034,,0.4285714285714286,0.013282660709046375,,0.21821789023599242
80,538892,,0.75,1.5198486589633246e-163,,2.4969256920874125e-162
80,542965,,0.8,1.5198486589633246e-163,,2.4969256920874125e-162
80,546999,,1.0,0.09106133399553999,,
80,562598,,1.0,,,
80,568093,,1.0,0.016267870581839115,,0.2672612419124244
80,570284,,0.8571428571428572,0.10912819341048394,,0.21821789023599242
80,570847,,0.8571428571428572,,,
80,572391,,0.7142857142857143,1.5198486589633246e-163,,2.4969256920874125e-162
80,573206,,1.0,,,
80,584811,,0.9,0.037569037838267226,,
80,585212,,0.33333333333333337,0.0,,0.0
80,593266,,1.0,0.052293887505429223,,
80,598006,,1.0,0.013282660709046375,,0.21821789023599242
80,598220,,1.0,,,
80,599441,,0.0,0.018784518919133613,,0.3086066999241839
80,612711,,1.0,0.013282660709046375,,0.21821789023599242
80,629627,,0.0,0.018784518919133613,,0.3086066999241839
80,634283,,0.7777777777777778,,,
80,635665,,0.875,0.013282660709046375,,0.21821789023599242
80,636990,,1.0,0.07091000389283493,,
80,643411,,0.8888888888888888,0.013282660709046375,,0.21821789023599242
80,643925,,0.8461538461538461,0.0594018645349865,,0.2672612419124244
80,645393,,0.9230769230769231,,,
80,649553,,0.8888888888888888,0.1461092677995101,,0.15430334996209194
82,464459,,1.0,0.044053601789502836,,0.723746864455746
82,477769,,1.0,,,
82,479204,,1.0,,,
82,500192,,0.75,,,
82,510483,,1.0,,,
82,519424,,1.0,0.14731183349592883,,
82,534034,,0.8571428571428572,0.0594018645349865,,0.9759000729485333
82,538892,,0.0,0.0,,0.0
82,542965,,0.875,0.0,,0.0
82,546999,,1.0,0.14909749667404612,,
82,562598,,1.0,,,
82,568093,,1.0,0.06086879812962081,,1.0
82,570284,,1.0,0.1560359331071113,,0.8451542547285166
82,570847,,1.0,,,
82,572391,,0.8,0.0,,0.0
82,573206,,1.0,,,
82,584811,,1.0,1.0,,
82,585212,,0.8333333333333334,0.05713088391549197,,0.9385906354489058
82,593266,,1.0,0.08079527086365167,,
82,598006,,1.0,0.044053601789502836,,0.723746864455746
82,598220,,1.0,,,
82,599441,,0.75,0.0531306428361855,,0.8728715609439697
82,612711,,1.0,0.021001730613906817,,0.3450327796711772
82,629627,,0.75,0.05395442285802093,,0.8864052604279185
82,634283,,0.8571428571428572,,,
82,635665,,1.0,0.05395442285802093,,0.8864052604279185
82,636990,,1.0,0.13081903655290197,,
82,643411,,0.8333333333333334,0.018784518919133613,,0.3086066999241839
82,643925,,0.9090909090909091,0.1566002602045046,,0.6900655593423544
82,645393,,1.0,,,
82,649553,,1.0,0.1901787592763374,,0.723746864455746
83,464459,,1.0,0.044053601789502836,,0.723746864455746
83,477769,,1.0,,,
83,479204,,1.0,,,
83,500192,,0.75,,,
83,510483,,1.0,,,
83,519424,,1.0,0.14731183349592883,,
83,534034,,0.8571428571428572,0.0594018645349865,,0.9759000729485333
83,538892,,0.0,0.0,,0.0
83,542965,,0.875,0.0,,0.0
83,546999,,1.0,0.14909749667404612,,
83,562598,,1.0,,,
83,568093,,1.0,0.06086879812962081,,1.0
83,570284,,1.0,0.1560359331071113,,0.8451542547285166
83,570847,,1.0,,,
83,572391,,0.8,0.0,,0.0
83,573206,,1.0,,,
83,584811,,1.0,1.0,,
83,585212,,0.8333333333333334,0.05713088391549197,,0.9385906354489058
83,593266,,1.0,0.08079527086365167,,
83,598006,,1.0,0.044053601789502836,,0.723746864455746
83,598220,,1.0,,,
83,599441,,0.75,0.0531306428361855,,0.8728715609439697
83,612711,,1.0,0.021001730613906817,,0.3450327796711772
83,629627,,0.75,0.05395442285802093,,0.8864052604279185
83,634283,,0.8571428571428572,,,
83,635665,,1.0,0.05395442285802093,,0.8864052604279185
83,636990,,1.0,0.13081903655290197,,
83,643411,,0.8333333333333334,0.018784518919133613,,0.3086066999241839
83,643925,,0.9090909090909091,0.1566002602045046,,0.6900655593423544
83,645393,,1.0,,,
83,649553,,1.0,0.1901787592763374,,0.723746864455746
84,464459,,1.0,0.044053601789502836,,0.723746864455746
84,477769,,1.0,,,
84,479204,,1.0,,,
84,500192,,0.75,,,
84,510483,,1.0,,,
84,519424,,1.0,0.14731183349592883,,
84,534034,,0.8571428571428572,0.0594018645349865,,0.9759000729485333
84,538892,,0.0,0.0,,0.0
84,542965,,0.875,0.0,,0.0
84,546999,,1.0,0.14909749667404612,,
84,562598,,1.0,,,
84,568093,,1.0,0.06086879812962081,,1.0
84,570284,,1.0,0.1560359331071113,,0.8451542547285166
84,570847,,1.0,,,
84,572391,,0.8,0.0,,0.0
84,573206,,1.0,,,
84,584811,,1.0,1.0,,
84,585212,,0.8333333333333334,0.05713088391549197,,0.9385906354489058
84,593266,,1.0,0.08079527086365167,,
84,598006,,1.0,0.044053601789502836,,0.723746864455746
84,598220,,1.0,,,
84,599441,,0.75,0.0531306428361855,,0.8728715609439697
84,612711,,1.0,0.021001730613906817,,0.3450327796711772
84,629627,,0.75,0.05395442285802093,,0.8864052604279185
84,634283,,0.8571428571428572,,,
84,635665,,1.0,0.05395442285802093,,0.8864052604279185
84,636990,,1.0,0.13081903655290197,,
84,643411,,0.8333333333333334,0.018784518919133613,,0.3086066999241839
84,643925,,0.9090909090909091,0.1566002602045046,,0.6900655593423544
84,645393,,1.0,,,
84,649553,,1.0,0.1901787592763374,,0.723746864455746
85,464459,,0.9166666666666666,0.013282660709046375,,0.21821789023599242
85,477769,,1.0,,,
85,479204,,1.0,,,
85,500192,,1.0,,,
85,510483,,0.8333333333333334,,,
85,519424,,0.9090909090909091,0.0802474999995328,,
85,534034,,1.0,0.013282660709046375,,0.21821789023599242
85,538892,,1.0,1.5198486589633246e-163,,2.4969256920874125e-162
85,542965,,0.9090909090909091,1.5198486589633246e-163,,2.4969256920874125e-162
85,546999,,0.9,0.0876051641443387,,
85,562598,,1.0,,,
85,568093,,0.8333333333333334,0.009392259459566807,,0.15430334996209194
85,570284,,1.0,0.1024574545503783,,0.0
85,570847,,1.0,,,
85,572391,,1.0,1.5198486589633246e-163,,2.4969256920874125e-162
85,573206,,0.8888888888888888,,,
85,584811,,1.0,0.033864273073929814,,
85,585212,,1.0,0.013282660709046375,,0.21821789023599242
85,593266,,1.0,0.046961297297834034,,
85,598006,,0.5,0.013282660709046375,,0.21821789023599242
85,598220,,1.0,,,
85,599441,,1.0,0.0,,0.0
85,612711,,0.5,0.009392259459566807,,0.15430334996209194
85,629627,,1.0,0.013282660709046375,,0.21821789023599242
85,634283,,1.0,,,
85,635665,,0.7142857142857143,0.013282660709046375,,0.21821789023599242
85,636990,,1.0,0.07275212894032264,,
85,643411,,0.5714285714285714,0.009392259459566807,,0.15430334996209194
85,643925,,1.0,0.05635355675740084,,0.21821789023599242
85,645393,,0.9230769230769231,,,
85,649553,,1.0,0.149687984120232,,0.15430334996209194
86,464459,,0.9166666666666666,0.013282660709046375,,0.21821789023599242
86,477769,,1.0,,,
86,479204,,1.0,,,
86,500192,,1.0,,,
86,510483,,0.8333333333333334,,,
86,519424,,0.9090909090909091,0.0802474999995328,,
86,534034,,1.0,0.0,,0.0
86,538892,,1.0,0.033864273073929814,,0.5563486402641867
86,542965,,0.9090909090909091,0.033864273073929814,,0.5563486402641867
86,546999,,0.9,0.0876051641443387,,
86,562598,,1.0,,,
86,568093,,0.8333333333333334,0.009392259459566807,,0.15430334996209194
86,570284,,1.0,0.1024574545503783,,0.15430334996209194
86,570847,,1.0,,,
86,572391,,1.0,0.033864273073929814,,0.5563486402641867
86,573206,,0.8888888888888888,,,
86,584811,,1.0,0.033864273073929814,,
86,585212,,1.0,0.018784518919133613,,0.3086066999241839
86,593266,,1.0,0.046961297297834034,,
86,598006,,0.5,0.013282660709046375,,0.21821789023599242
86,598220,,1.0,,,
86,599441,,1.0,0.0,,0.0
86,612711,,0.5,0.013282660709046375,,0.21821789023599242
86,629627,,1.0,0.013282660709046375,,0.21821789023599242
86,634283,,1.0,,,
86,635665,,0.7142857142857143,0.013282660709046375,,0.21821789023599242
86,636990,,1.0,0.07275212894032264,,
86,643411,,0.5714285714285714,0.013282660709046375,,0.21821789023599242
86,643925,,1.0,0.05635355675740084,,0.2672612419124244
86,645393,,0.9230769230769231,,,
86,649553,,1.0,0.149687984120232,,0.2672612419124244
87,464459,,0.9166666666666666,0.018784518919133613,,0.3086066999241839
87,477769,,1.0,,,
87,479204,,1.0,,,
87,500192,,1.0,,,
87,510483,,0.8333333333333334,,,
87,519424,,0.9090909090909091,0.08187981967153131,,
87,534034,,1.0,0.013282660709046375,,0.21821789023599242
87,538892,,1.0,1.5198486589633246e-163,,2.4969256920874125e-162
87,542965,,0.9090909090909091,1.5198486589633246e-163,,2.4969256920874125e-162
87,546999,,0.9,0.09106133399553999,,
87,562598,,1.0,,,
87,568093,,0.8333333333333334,0.021001730613906817,,0.3450327796711772
87,570284,,1.0,0.11073310592618309,,0.3450327796711772
87,570847,,1.0,,,
87,572391,,1.0,1.5198486589633246e-163,,2.4969256920874125e-162
87,573206,,0.8888888888888888,,,
87,584811,,1.0,0.03872527781500059,,
87,585212,,1.0,0.023006243207767167,,0.37796447300922725
87,593266,,1.0,0.0531306428361855,,
87,598006,,0.5,0.018784518919133613,,0.3086066999241839
87,598220,,1.0,,,
87,599441,,1.0,0.013282660709046375,,0.21821789023599242
87,612711,,0.5,0.018784518919133613,,0.3086066999241839
87,629627,,1.0,0.023006243207767167,,0.37796447300922725
87,634283,,1.0,,,
87,635665,,0.7142857142857143,0.018784518919133613,,0.3086066999241839
87,636990,,1.0,0.07214331381073028,,
87,643411,,0.5714285714285714,0.018784518919133613,,0.3086066999241839
87,643925,,1.0,0.0594018645349865,,0.3450327796711772
87,645393,,0.9230769230769231,,,
87,649553,,1.0,0.1520270005361726,,0.2672612419124244
67,464459,,,0.07572281660192283,,
67,519424,,,0.10159281922178945,0.4837354648979131,
67,534034,,,0.06837668097428079,,
67,538892,,,0.13249412444862832,,
67,542965,,,0.13249412444862832,,
67,546999,,,0.06901872962330151,0.3346640106136303,
67,551810,,,0.09485717079427289,0.4669047011971502,
67,568093,,,0.07091000389283493,,
67,570284,,,0.061589164010403256,0.2828427124746191,
67,572391,,,0.13249412444862832,,
67,572500,,,0.07969596425427823,0.37682887362833556,
67,581406,,,0.06837668097428079,0.27568097504180455,
67,584811,,,0.0670741487128009,0.204939015319192,
67,585212,,,0.07275212894032264,,
67,593266,,,0.044053601789502836,0.1732050807568878,
67,594766,,,0.060139804189810166,0.27568097504180455,
67,595104,,,0.009392259459566807,0.04472135954999581,
67,598006,,,0.07572281660192283,,
67,599441,,,0.06837668097428079,,
67,604223,,,0.06439008677213941,0.31622776601683805,
67,612711,,,0.07572281660192283,,
67,615605,,,0.10790884571604184,0.5059644256269408,
67,629627,,,0.07152931699546479,,
67,635665,,,0.07091000389283493,,
67,636990,,,0.0925030278548478,0.4049691346263318,
67,638752,,,0.1115269017931141,0.5291502622129184,
67,643411,,,0.07572281660192283,,
67,643925,,,0.052293887505429223,0.20976176963403037,
67,649553,,,0.12980360823706727,0.6228964600958976,
73,551810,,,0.0998410875662315,,
73,572500,,,0.07275212894032264,,
73,581406,,,0.04789131426105757,,
73,594766,,,0.054765813092639774,,
73,595104,,,0.07275212894032264,,
73,604223,,,0.06439008677213941,,
73,615605,,,0.10626128567237099,,
73,638752,,,0.10542785095615671,,
74,551810,,,0.1007207617222961,,
74,572500,,,0.0929786249633246,,
74,581406,,,0.05057886510113531,,
74,594766,,,0.05556535630636932,,
74,595104,,,0.07745055563000118,,
74,604223,,,0.06641330354523188,,
74,615605,,,0.1154140164846937,,
74,638752,,,0.118803729069973,,
75,551810,,,0.0998410875662315,,
75,572500,,,0.07275212894032264,,
75,581406,,,0.04789131426105757,,
75,594766,,,0.0531306428361855,,
75,595104,,,0.07275212894032264,,
75,604223,,,0.06439008677213941,,
75,615605,,,0.10626128567237099,,
75,638752,,,0.10542785095615671,,
77,551810,,,0.09057567008469473,,
77,572500,,,0.07454874833702306,,
77,581406,,,0.05395442285802093,,
77,594766,,,0.06300519184172046,,
77,595104,,,0.07335589140011285,,
77,604223,,,0.06439008677213941,,
77,615605,,,0.1074993230025785,,
77,638752,,,0.10667556126171102,,
78,551810,,,0.09939833111603073,,
78,572500,,,0.07214331381073028,,
78,581406,,,0.04969916555801537,,
78,594766,,,0.0531306428361855,,
78,595104,,,0.07028523397077113,,
78,604223,,,0.06300519184172046,,
78,615605,,,0.10500865306953405,,
78,638752,,,0.10458777501085845,,
79,551810,,,0.09895359362295165,,
79,572500,,,0.07214331381073028,,
79,581406,,,0.046961297297834034,,
79,594766,,,0.0514435237194602,,
79,595104,,,0.07028523397077113,,
79,604223,,,0.06230120112209856,,
79,615605,,,0.10500865306953405,,
79,638752,,,0.10458777501085845,,
80,551810,,,0.1007207617222961,,
80,572500,,,0.06439008677213941,,
80,581406,,,0.0594018645349865,,
80,594766,,,0.06086879812962081,,
80,595104,,,0.07454874833702306,,
80,604223,,,0.06772854614785963,,
80,615605,,,0.08959644488359912,,
80,638752,,,0.09154442138548424,,
82,551810,,,0.13182664350538917,,
82,572500,,,0.16958165970528188,,
82,581406,,,0.11917441243273391,,
82,594766,,,0.10667556126171102,,
82,595104,,,0.1314916324339353,,
82,604223,,,0.11270711351480169,,
82,615605,,,0.18619428921972372,,
82,638752,,,0.18548226256106173,,
83,551810,,,0.13182664350538917,,
83,572500,,,0.16958165970528188,,
83,581406,,,0.11917441243273391,,
83,594766,,,0.10667556126171102,,
83,595104,,,0.1314916324339353,,
83,604223,,,0.11270711351480169,,
83,615605,,,0.18619428921972372,,
83,638752,,,0.18548226256106173,,
84,551810,,,0.13182664350538917,,
84,572500,,,0.16958165970528188,,
84,581406,,,0.11917441243273391,,
84,594766,,,0.10667556126171102,,
84,595104,,,0.1314916324339353,,
84,604223,,,0.11270711351480169,,
84,615605,,,0.18619428921972372,,
84,638752,,,0.18548226256106173,,
85,551810,,,0.09895359362295165,,
85,572500,,,0.07214331381073028,,
85,581406,,,0.046961297297834034,,
85,594766,,,0.0514435237194602,,
85,595104,,,0.07028523397077113,,
85,604223,,,0.06230120112209856,,
85,615605,,,0.10500865306953405,,
85,638752,,,0.10458777501085845,,
86,551810,,,0.09895359362295165,,
86,572500,,,0.07214331381073028,,
86,581406,,,0.046012486415534334,,
86,594766,,,0.0514435237194602,,
86,595104,,,0.07028523397077113,,
86,604223,,,0.06230120112209856,,
86,615605,,,0.10500865306953405,,
86,638752,,,0.10458777501085845,,
87,551810,,,0.09439103936994252,,
87,572500,,,0.07152931699546479,,
87,581406,,,0.04969916555801537,,
87,594766,,,0.05395442285802093,,
87,595104,,,0.07275212894032264,,
87,604223,,,0.06439008677213941,,
87,615605,,,0.11073310592618309,,
87,638752,,,0.11270711351480169,,
