Unnamed: 0,Source,eType,Target,Time,Weight,SourceLocation,TargetLocation,SourceLatitude,SourceLongitude,TargetLatitude,TargetLongitude,Status
660072,457699,0,652002,1752551686,1.0,-1,-1,,,,,supplementary
660554,457699,1,599441,1751516781,1.0,2,4,-22.9565,90.5714,2.74785,-162.275,supplementary
2341501,460534,1,655636,1737793469,1.0,4,0,4.98674,-156.624,36.4502,-37.8151,supplementary
3950525,476124,1,568093,1765507699,1.0,5,0,18.6537,150.799,28.3004,-47.4036,supplementary
5065269,477769,0,457699,1757418338,1.0,-1,-1,,,,,supplementary
5961369,479204,0,599441,1766071102,1.0,-1,-1,,,,,supplementary
5962138,479204,0,480375,1744334168,1.0,-1,-1,,,,,supplementary
6653834,480268,1,581406,1763867929,1.0,5,0,21.5557,155.289,30.7566,-39.3742,supplementary
6654038,480268,1,494508,1748488149,1.0,5,2,21.5557,155.289,-22.5174,90.2463,supplementary
6718531,480375,0,634283,1739430777,1.0,-1,-1,,,,,supplementary
6719165,480375,1,463126,1759882577,1.0,5,3,22.7442,157.989,-25.3485,-111.419,supplementary
6720545,480375,1,494508,1763770107,1.0,5,2,22.7442,157.989,-22.5174,90.2463,supplementary
15410294,494508,1,558277,1743784084,1.0,2,4,-22.5174,90.2463,0.408001,-168.24200000000002,supplementary
15410854,494508,0,645393,1757521670,1.0,-1,-1,,,,,supplementary
15412810,494508,1,568093,1760265034,1.0,2,0,-22.5174,90.2463,28.3004,-47.4036,supplementary
15414856,494508,1,645393,1750529000,1.0,2,3,-22.5174,90.2463,-25.0584,-110.84,supplementary
15415386,494508,0,583251,1746500449,1.0,-1,-1,,,,,supplementary
15415619,494508,0,648781,1753752437,1.0,-1,-1,,,,,supplementary
15416756,494508,1,568093,1760260982,1.0,2,0,-22.5174,90.2463,28.3004,-47.4036,supplementary
15417758,494508,0,457699,1764138052,1.0,-1,-1,,,,,supplementary
15418701,494508,0,568093,1752454497,1.0,-1,-1,,,,,supplementary
15420105,494508,0,634283,1737880076,1.0,-1,-1,,,,,supplementary
15421511,494508,1,645393,1750427177,1.0,2,3,-22.5174,90.2463,-25.0584,-110.84,supplementary
19474084,500192,0,494508,1746497896,1.0,-1,-1,,,,,supplementary
19474547,500192,0,463038,1738649925,1.0,-1,-1,,,,,supplementary
19474975,500192,0,634283,1743418008,1.0,-1,-1,,,,,supplementary
19475756,500192,1,634283,1761442684,1.0,5,3,17.9672,160.224,-25.1589,-111.022,supplementary
24857006,508913,1,615605,1741851541,1.0,4,5,-0.809385,-167.229,21.7308,153.632,supplementary
30080643,463126,0,546999,1743488265,1.0,-1,-1,,,,,supplementary
30433649,516694,1,634283,1741754159,1.0,5,3,20.9029,154.839,-25.1589,-111.022,supplementary
30433936,516694,1,598220,1736501074,1.0,5,3,20.9029,154.839,-24.2846,-110.75399999999999,supplementary
41290592,534237,1,494508,1754184037,1.0,3,2,-25.6962,-110.963,-22.5174,90.2463,supplementary
50875826,546999,1,536715,1737858873,1.0,3,5,-23.788,-110.90700000000001,20.9961,155.52700000000002,supplementary
50876971,546999,0,551810,1761364022,1.0,-1,-1,,,,,common
50876989,546999,1,551810,1761441759,1.0,3,4,-23.788,-110.90700000000001,-1.6907400000000001,-162.996,common
50876995,546999,0,551810,1760903331,1.0,-1,-1,,,,,common
50876996,546999,0,551810,1760823227,1.0,-1,-1,,,,,common
50877001,546999,0,551810,1761912237,1.0,-1,-1,,,,,common
50877003,546999,1,581406,1749781145,1.0,3,0,-23.788,-110.90700000000001,30.7566,-39.3742,common
50877005,546999,1,572500,1749519817,1.0,3,5,-23.788,-110.90700000000001,20.9894,154.237,common
50877009,546999,1,572500,1749733185,1.0,3,5,-23.788,-110.90700000000001,20.9894,154.237,common
50877010,546999,1,594766,1749791125,1.0,3,3,-23.788,-110.90700000000001,-25.679000000000002,-110.916,common
50877013,546999,1,594766,1749909884,1.0,3,3,-23.788,-110.90700000000001,-25.679000000000002,-110.916,common
50877018,546999,0,594766,1761589360,1.0,-1,-1,,,,,common
50877021,546999,1,581406,1750881597,1.0,3,0,-23.788,-110.90700000000001,30.7566,-39.3742,common
50877034,546999,0,636990,1751489087,1.0,-1,-1,,,,,common
50877035,546999,1,636990,1750904695,1.0,3,0,-23.788,-110.90700000000001,41.6555,-45.6054,common
50877036,546999,0,551810,1760761624,1.0,-1,-1,,,,,common
53710721,551810,0,594766,1761087549,1.0,-1,-1,,,,,common
53710731,551810,1,594766,1750476893,1.0,4,3,-1.6907400000000001,-162.996,-25.679000000000002,-110.916,common
53710732,551810,0,594766,1751493492,1.0,-1,-1,,,,,common
53710733,551810,0,594766,1749755170,1.0,-1,-1,,,,,common
53710736,551810,1,636990,1750191782,1.0,4,0,-1.6907400000000001,-162.996,41.6555,-45.6054,common
53710741,551810,1,636990,1750303899,1.0,4,0,-1.6907400000000001,-162.996,41.6555,-45.6054,common
53710742,551810,0,594766,1760526246,1.0,-1,-1,,,,,common
53710745,551810,0,594766,1761801561,1.0,-1,-1,,,,,common
53710748,551810,1,572500,1749329699,1.0,4,5,-1.6907400000000001,-162.996,20.9894,154.237,common
53710752,551810,1,572500,1750476974,1.0,4,5,-1.6907400000000001,-162.996,20.9894,154.237,common
53710769,551810,0,594766,1761526193,1.0,-1,-1,,,,,common
53710849,551810,1,638752,1750720345,1.0,4,5,-1.6907400000000001,-162.996,22.6482,156.841,common
53710850,551810,1,638752,1749924745,1.0,4,5,-1.6907400000000001,-162.996,22.6482,156.841,common
53710853,551810,1,638752,1749382441,1.0,4,5,-1.6907400000000001,-162.996,22.6482,156.841,common
53710902,551810,0,546999,1760170621,1.0,-1,-1,,,,,common
53710904,551810,0,546999,1760845016,1.0,-1,-1,,,,,common
53710905,551810,1,546999,1751239155,1.0,4,3,-1.6907400000000001,-162.996,-23.788,-110.90700000000001,common
53710965,551810,1,546999,1749871034,1.0,4,3,-1.6907400000000001,-162.996,-23.788,-110.90700000000001,common
53710967,551810,0,546999,1750702608,1.0,-1,-1,,,,,common
53710970,551810,0,615605,1749366401,1.0,-1,-1,,,,,common
53711020,551810,1,636990,1750404392,1.0,4,0,-1.6907400000000001,-162.996,41.6555,-45.6054,common
53711022,551810,1,636990,1750127953,1.0,4,0,-1.6907400000000001,-162.996,41.6555,-45.6054,common
53711023,551810,0,636990,1749780049,1.0,-1,-1,,,,,common
53711119,551810,0,497185,1755216012,1.0,-1,-1,,,,,supplementary
60869446,559042,1,494556,1754355612,1.0,3,2,-24.3194,-111.447,-20.516,88.0396,supplementary
60869731,559042,1,494508,1745233256,1.0,3,2,-24.3194,-111.447,-22.5174,90.2463,supplementary
60869984,559042,1,479204,1743296077,1.0,3,0,-24.3194,-111.447,39.3313,-40.6437,supplementary
62212111,561312,0,581406,1766548838,1.0,-1,-1,,,,,supplementary
65334779,566386,0,546999,1736934875,1.0,-1,-1,,,,,supplementary
65335307,566386,1,480375,1747383984,1.0,3,5,-24.5053,-111.53200000000001,22.7442,157.989,supplementary
65335493,566386,1,559042,1747353643,1.0,3,3,-24.5053,-111.53200000000001,-24.3194,-111.447,supplementary
66412947,568093,0,652002,1738721089,1.0,-1,-1,,,,,supplementary
66413516,568093,0,561312,1753747508,1.0,-1,-1,,,,,supplementary
66413977,568093,1,463884,1764378767,1.0,0,5,28.3004,-47.4036,23.1851,160.474,supplementary
66415361,568093,1,568093,1762136848,1.0,0,0,28.3004,-47.4036,28.3004,-47.4036,supplementary
66415612,568093,1,645393,1747716427,1.0,0,3,28.3004,-47.4036,-25.0584,-110.84,supplementary
66417006,568093,1,508913,1738463528,1.0,0,4,28.3004,-47.4036,-0.809385,-167.229,supplementary
66417603,568093,0,612378,1759539977,1.0,-1,-1,,,,,supplementary
66417674,568093,0,534237,1756858493,1.0,-1,-1,,,,,supplementary
66417761,568093,1,645393,1757727548,1.0,0,3,28.3004,-47.4036,-25.0584,-110.84,supplementary
66417771,568093,0,561312,1745779283,1.0,-1,-1,,,,,supplementary
69176315,572500,0,638752,1763018064,1.0,-1,-1,,,,,common
69176329,572500,0,638752,1763027524,1.0,-1,-1,,,,,common
69176332,572500,0,638752,1762970902,1.0,-1,-1,,,,,common
69176338,572500,1,638752,1750186524,1.0,5,5,20.9894,154.237,22.6482,156.841,common
69176340,572500,1,638752,1737076401,1.0,5,5,20.9894,154.237,22.6482,156.841,common
69176341,572500,1,638752,1737564252,1.0,5,5,20.9894,154.237,22.6482,156.841,common
69176344,572500,0,638752,1762990237,1.0,-1,-1,,,,,common
69176365,572500,1,638752,1763012284,1.0,5,5,20.9894,154.237,22.6482,156.841,common
69176366,572500,1,638752,1762998401,1.0,5,5,20.9894,154.237,22.6482,156.841,common
69176367,572500,1,638752,1762966588,1.0,5,5,20.9894,154.237,22.6482,156.841,common
69176368,572500,1,638752,1763015756,1.0,5,5,20.9894,154.237,22.6482,156.841,common
69176369,572500,0,638752,1763007785,1.0,-1,-1,,,,,common
69176378,572500,1,615605,1763023286,1.0,5,5,20.9894,154.237,21.7308,153.632,common
69176415,572500,1,615605,1763002527,1.0,5,5,20.9894,154.237,21.7308,153.632,common
69176422,572500,1,615605,1763021721,1.0,5,5,20.9894,154.237,21.7308,153.632,common
69176425,572500,0,615605,1762981386,1.0,-1,-1,,,,,common
69176427,572500,1,615605,1749218685,1.0,5,5,20.9894,154.237,21.7308,153.632,common
69176432,572500,1,615605,1749357788,1.0,5,5,20.9894,154.237,21.7308,153.632,common
69176436,572500,1,615605,1749888531,1.0,5,5,20.9894,154.237,21.7308,153.632,common
69176439,572500,1,615605,1737488734,1.0,5,5,20.9894,154.237,21.7308,153.632,common
69176449,572500,1,636990,1749257632,1.0,5,0,20.9894,154.237,41.6555,-45.6054,common
69176456,572500,1,594766,1750992008,1.0,5,3,20.9894,154.237,-25.679000000000002,-110.916,common
69176469,572500,1,546999,1749689463,1.0,5,3,20.9894,154.237,-23.788,-110.90700000000001,common
69176471,572500,1,636990,1749245687,1.0,5,0,20.9894,154.237,41.6555,-45.6054,common
69176522,572500,1,581406,1749827638,1.0,5,0,20.9894,154.237,30.7566,-39.3742,common
69176526,572500,1,546999,1749637427,1.0,5,3,20.9894,154.237,-23.788,-110.90700000000001,common
75363836,581406,0,615605,1750159176,1.0,-1,-1,,,,,common
75363868,581406,0,615605,1750429143,1.0,-1,-1,,,,,common
75363870,581406,0,551810,1751350553,1.0,-1,-1,,,,,common
75363882,581406,1,636990,1763953405,1.0,0,0,30.7566,-39.3742,41.6555,-45.6054,common
75363884,581406,1,636990,1764105175,1.0,0,0,30.7566,-39.3742,41.6555,-45.6054,common
75363886,581406,1,636990,1763741892,1.0,0,0,30.7566,-39.3742,41.6555,-45.6054,common
75363891,581406,0,638752,1751398263,1.0,-1,-1,,,,,common
75363892,581406,0,572500,1749283773,1.0,-1,-1,,,,,common
75363893,581406,0,572500,1749834005,1.0,-1,-1,,,,,common
75363894,581406,0,594766,1750460034,1.0,-1,-1,,,,,common
82604913,593266,0,584811,1741930786,1.0,-1,-1,,,,,common
82604944,593266,1,584811,1740204214,1.0,5,5,23.715999999999998,158.593,19.0678,160.12,common
82604968,593266,1,584811,1744313574,1.0,5,5,23.715999999999998,158.593,19.0678,160.12,common
82604970,593266,1,584811,1741886501,1.0,5,5,23.715999999999998,158.593,19.0678,160.12,common
82604972,593266,1,584811,1740397822,1.0,5,5,23.715999999999998,158.593,19.0678,160.12,common
82605156,593266,1,561312,1748269657,1.0,5,3,23.715999999999998,158.593,-24.7653,-110.96600000000001,supplementary
83494279,594766,1,482973,1742182113,1.0,3,4,-25.679000000000002,-110.916,-2.2890099999999998,-165.239,common
83494448,594766,1,559042,1736324047,1.0,3,3,-25.679000000000002,-110.916,-24.3194,-111.447,supplementary
83494834,594766,1,546999,1759700729,1.0,3,3,-25.679000000000002,-110.916,-23.788,-110.90700000000001,common
83494835,594766,1,546999,1760589521,1.0,3,3,-25.679000000000002,-110.916,-23.788,-110.90700000000001,common
83494837,594766,1,546999,1760207216,1.0,3,3,-25.679000000000002,-110.916,-23.788,-110.90700000000001,common
83494841,594766,1,636990,1751226608,1.0,3,0,-25.679000000000002,-110.916,41.6555,-45.6054,common
83494842,594766,1,551810,1762012255,1.0,3,4,-25.679000000000002,-110.916,-1.6907400000000001,-162.996,common
83494843,594766,1,551810,1759949628,1.0,3,4,-25.679000000000002,-110.916,-1.6907400000000001,-162.996,common
83494844,594766,1,551810,1751349965,1.0,3,4,-25.679000000000002,-110.916,-1.6907400000000001,-162.996,common
83494849,594766,1,546999,1761063834,1.0,3,3,-25.679000000000002,-110.916,-23.788,-110.90700000000001,common
83495430,594766,1,463038,1750316440,1.0,3,0,-25.679000000000002,-110.916,37.5707,-34.4944,supplementary
84013505,595539,0,460534,1742748210,1.0,-1,-1,,,,,supplementary
84013558,595539,1,561312,1764656431,1.0,4,3,2.52966,-167.774,-24.7653,-110.96600000000001,supplementary
86173076,597992,1,652002,1755228553,1.0,4,4,2.44089,-160.922,-0.780787,-169.236,supplementary
87106501,599441,1,494508,1756907600,1.0,4,2,2.74785,-162.275,-22.5174,90.2463,supplementary
87107144,599441,1,545850,1748082556,1.0,4,5,2.74785,-162.275,19.588,153.83100000000002,supplementary
87107707,599441,0,460534,1743322828,1.0,-1,-1,,,,,supplementary
87108953,599441,0,463038,1753958783,1.0,-1,-1,,,,,supplementary
87109392,599441,0,629627,1738843253,1.0,-1,-1,,,,,supplementary
97056424,615605,1,638752,1737217423,1.0,5,5,21.7308,153.632,22.6482,156.841,common
97056427,615605,1,638752,1737036558,1.0,5,5,21.7308,153.632,22.6482,156.841,common
97056435,615605,0,572500,1762957658,1.0,-1,-1,,,,,common
97056436,615605,0,572500,1763011617,1.0,-1,-1,,,,,common
97056481,615605,1,638752,1737331103,1.0,5,5,21.7308,153.632,22.6482,156.841,common
97056488,615605,0,638752,1737311701,1.0,-1,-1,,,,,common
97056493,615605,1,638752,1749238686,1.0,5,5,21.7308,153.632,22.6482,156.841,common
97056501,615605,1,638752,1737249377,1.0,5,5,21.7308,153.632,22.6482,156.841,common
97056553,615605,1,638752,1737358954,1.0,5,5,21.7308,153.632,22.6482,156.841,common
97056623,615605,0,572500,1737408689,1.0,-1,-1,,,,,common
97056651,615605,1,572500,1737536800,1.0,5,5,21.7308,153.632,20.9894,154.237,common
97056653,615605,1,594766,1751285274,1.0,5,3,21.7308,153.632,-25.679000000000002,-110.916,common
97056656,615605,1,636990,1750778765,1.0,5,0,21.7308,153.632,41.6555,-45.6054,common
97056677,615605,1,572500,1737187778,1.0,5,5,21.7308,153.632,20.9894,154.237,common
97056729,615605,1,551810,1749816689,1.0,5,4,21.7308,153.632,-1.6907400000000001,-162.996,common
97056733,615605,1,551810,1750170987,1.0,5,4,21.7308,153.632,-1.6907400000000001,-162.996,common
97056749,615605,0,572500,1762951309,1.0,-1,-1,,,,,common
97056750,615605,1,572500,1751289688,1.0,5,5,21.7308,153.632,20.9894,154.237,common
97056813,615605,1,572500,1737176013,1.0,5,5,21.7308,153.632,20.9894,154.237,common
97056827,615605,1,572500,1737006748,1.0,5,5,21.7308,153.632,20.9894,154.237,common
97056842,615605,1,572500,1737432833,1.0,5,5,21.7308,153.632,20.9894,154.237,common
97056866,615605,1,572500,1737457669,1.0,5,5,21.7308,153.632,20.9894,154.237,common
97057163,615605,0,638752,1762957425,1.0,-1,-1,,,,,common
97057169,615605,0,638752,1763006447,1.0,-1,-1,,,,,common
97057182,615605,0,638752,1762963129,1.0,-1,-1,,,,,common
97057221,615605,0,638752,1762981474,1.0,-1,-1,,,,,common
97057312,615605,0,638752,1762957196,1.0,-1,-1,,,,,common
97057323,615605,0,638752,1762991414,1.0,-1,-1,,,,,common
105975119,629627,0,599441,1740509251,1.0,-1,-1,,,,,supplementary
105975135,629627,0,599441,1739270612,1.0,-1,-1,,,,,supplementary
105975203,629627,1,459811,1758241271,1.0,4,4,-1.16067,-162.983,1.04722,-164.483,supplementary
105975746,629627,0,599441,1745379406,1.0,-1,-1,,,,,supplementary
110532648,636990,1,551810,1749564217,1.0,0,4,41.6555,-45.6054,-1.6907400000000001,-162.996,common
110532649,636990,1,551810,1749407522,1.0,0,4,41.6555,-45.6054,-1.6907400000000001,-162.996,common
110532658,636990,1,594766,1750684656,1.0,0,3,41.6555,-45.6054,-25.679000000000002,-110.916,common
110532671,636990,1,594766,1750869840,1.0,0,3,41.6555,-45.6054,-25.679000000000002,-110.916,common
110532756,636990,0,581406,1763711345,1.0,-1,-1,,,,,common
110532761,636990,0,581406,1763256012,1.0,-1,-1,,,,,common
110532762,636990,0,581406,1763997180,1.0,-1,-1,,,,,common
110532784,636990,0,581406,1764049961,1.0,-1,-1,,,,,common
110532786,636990,0,581406,1763206806,1.0,-1,-1,,,,,common
110532788,636990,0,581406,1763382976,1.0,-1,-1,,,,,common
110532812,636990,0,615605,1749907031,1.0,-1,-1,,,,,common
110532813,636990,0,638752,1750898817,1.0,-1,-1,,,,,common
110532817,636990,1,546999,1749599077,1.0,0,3,41.6555,-45.6054,-23.788,-110.90700000000001,common
110532818,636990,1,638752,1749391375,1.0,0,5,41.6555,-45.6054,22.6482,156.841,common
110532819,636990,0,546999,1749376997,1.0,-1,-1,,,,,common
110532829,636990,0,581406,1762990573,1.0,-1,-1,,,,,common
110532833,636990,1,615605,1751589919,1.0,0,5,41.6555,-45.6054,21.7308,153.632,common
110532848,636990,1,615605,1749545834,1.0,0,5,41.6555,-45.6054,21.7308,153.632,common
110532874,636990,1,615605,1749633659,1.0,0,5,41.6555,-45.6054,21.7308,153.632,common
110532880,636990,0,581406,1762974394,1.0,-1,-1,,,,,common
110532886,636990,0,581406,1750303179,1.0,-1,-1,,,,,common
110532887,636990,0,581406,1750237786,1.0,-1,-1,,,,,common
110533004,636990,0,568093,1741143722,1.0,-1,-1,,,,,supplementary
111565702,638752,0,645393,1742951720,1.0,-1,-1,,,,,supplementary
111566028,638752,0,572500,1737310442,1.0,-1,-1,,,,,common
111566264,638752,0,572500,1737513578,1.0,-1,-1,,,,,common
111566276,638752,0,594766,1750612070,1.0,-1,-1,,,,,common
111566304,638752,1,615605,1751159278,1.0,5,5,22.6482,156.841,21.7308,153.632,common
111566309,638752,0,615605,1737298988,1.0,-1,-1,,,,,common
111566314,638752,1,615605,1737245831,1.0,5,5,22.6482,156.841,21.7308,153.632,common
111566319,638752,1,615605,1763026595,1.0,5,5,22.6482,156.841,21.7308,153.632,common
111566333,638752,0,594766,1750683863,1.0,-1,-1,,,,,common
111566372,638752,0,636990,1749366642,1.0,-1,-1,,,,,common
111566373,638752,0,594766,1749560628,1.0,-1,-1,,,,,common
111566405,638752,0,594766,1750721100,1.0,-1,-1,,,,,common
111566412,638752,1,572500,1762974291,1.0,5,5,22.6482,156.841,20.9894,154.237,common
111566415,638752,0,551810,1750739005,1.0,-1,-1,,,,,common
111566433,638752,0,551810,1751313757,1.0,-1,-1,,,,,common
111566435,638752,1,572500,1737164309,1.0,5,5,22.6482,156.841,20.9894,154.237,common
111566438,638752,1,572500,1737316394,1.0,5,5,22.6482,156.841,20.9894,154.237,common
111566443,638752,0,572500,1749712275,1.0,-1,-1,,,,,common
111566458,638752,0,572500,1763005194,1.0,-1,-1,,,,,common
111566459,638752,0,546999,1750394584,1.0,-1,-1,,,,,common
111566461,638752,0,551810,1751232465,1.0,-1,-1,,,,,common
111566463,638752,1,572500,1762952421,1.0,5,5,22.6482,156.841,20.9894,154.237,common
111566477,638752,0,615605,1737472646,1.0,-1,-1,,,,,common
111566488,638752,0,615605,1737057628,1.0,-1,-1,,,,,common
111566490,638752,0,615605,1737171259,1.0,-1,-1,,,,,common
111566493,638752,0,615605,1737547084,1.0,-1,-1,,,,,common
111566494,638752,0,615605,1737294998,1.0,-1,-1,,,,,common
111566496,638752,1,572500,1762991225,1.0,5,5,22.6482,156.841,20.9894,154.237,common
111566502,638752,0,551810,1749884645,1.0,-1,-1,,,,,common
111566505,638752,0,572500,1736993661,1.0,-1,-1,,,,,common
116491087,645393,0,600329,1757588408,1.0,-1,-1,,,,,supplementary
116491701,645393,0,494556,1744851655,1.0,-1,-1,,,,,supplementary
116492325,645393,1,566386,1746082610,1.0,3,3,-25.0584,-110.84,-24.5053,-111.53200000000001,supplementary
116492381,645393,1,460534,1742319612,1.0,3,4,-25.0584,-110.84,4.98674,-156.624,supplementary
122645934,655636,1,494508,1757489287,1.0,0,2,36.4502,-37.8151,-22.5174,90.2463,supplementary
122646314,655636,1,480375,1764345274,1.0,0,5,36.4502,-37.8151,22.7442,157.989,supplementary
122646764,655636,0,480375,1744335366,1.0,-1,-1,,,,,supplementary
659862,457699,5,620120,1767225600,908.73,-1,-1,,,,,out of pairing
659869,457699,5,632961,1767225600,390.96,-1,-1,,,,,out of pairing
659893,457699,5,473173,1767225600,1816.82,-1,-1,,,,,out of pairing
660005,457699,5,459381,1767225600,540.06,-1,-1,,,,,out of pairing
660013,457699,5,527449,1767225600,407.32,-1,-1,,,,,out of pairing
660031,457699,5,589943,1767225600,3812.43,-1,-1,,,,,out of pairing
660045,457699,5,466907,1767225600,931.84,-1,-1,,,,,out of pairing
660047,457699,5,595298,1767225600,1023.53,-1,-1,,,,,out of pairing
660050,457699,5,567195,1767225600,54.31,-1,-1,,,,,out of pairing
660094,457699,5,520660,1767225600,3070.93,-1,-1,,,,,out of pairing
660095,457699,5,536346,1767225600,558.2,-1,-1,,,,,out of pairing
660099,457699,5,503218,1767225600,762.97,-1,-1,,,,,out of pairing
660116,457699,5,571970,1767225600,52.52,-1,-1,,,,,out of pairing
660124,457699,5,503701,1767225600,788.84,-1,-1,,,,,out of pairing
660149,457699,5,644226,1767225600,928.86,-1,-1,,,,,out of pairing
660166,457699,5,616315,1767225600,884.85,-1,-1,,,,,out of pairing
660167,457699,5,580426,1767225600,216.56,-1,-1,,,,,out of pairing
660173,457699,5,523927,1767225600,1165.82,-1,-1,,,,,out of pairing
660188,457699,5,642329,1767225600,832.7,-1,-1,,,,,out of pairing
1933462,459811,5,640784,1767225600,97.11,-1,-1,,,,,out of pairing
1933465,459811,5,575030,1767225600,1587.93,-1,-1,,,,,out of pairing
1933466,459811,5,621924,1767225600,682.94,-1,-1,,,,,out of pairing
1933492,459811,5,473173,1767225600,191.82,-1,-1,,,,,out of pairing
1933493,459811,5,644226,1767225600,326.87,-1,-1,,,,,out of pairing
1933494,459811,5,536346,1767225600,387.92,-1,-1,,,,,out of pairing
1933495,459811,5,567195,1767225600,694.43,-1,-1,,,,,out of pairing
1933499,459811,5,527449,1767225600,109.75,-1,-1,,,,,out of pairing
1933500,459811,5,459381,1767225600,197.39,-1,-1,,,,,out of pairing
1933503,459811,5,595298,1767225600,21.51,-1,-1,,,,,out of pairing
1933508,459811,5,606730,1767225600,175.34,-1,-1,,,,,out of pairing
1933510,459811,5,589943,1767225600,327.99,-1,-1,,,,,out of pairing
1933512,459811,5,577992,1767225600,173.09,-1,-1,,,,,out of pairing
1933514,459811,5,537281,1767225600,54.5,-1,-1,,,,,out of pairing
1933515,459811,5,580426,1767225600,168.61,-1,-1,,,,,out of pairing
1933516,459811,5,616315,1767225600,648.42,-1,-1,,,,,out of pairing
1933517,459811,5,642329,1767225600,87.94,-1,-1,,,,,out of pairing
1933519,459811,5,503701,1767225600,437.37,-1,-1,,,,,out of pairing
1933520,459811,5,466907,1767225600,229.74,-1,-1,,,,,out of pairing
2340193,460534,5,537281,1767225600,94.78,-1,-1,,,,,out of pairing
2340203,460534,5,523927,1767225600,3797.59,-1,-1,,,,,out of pairing
2340206,460534,5,580426,1767225600,1820.95,-1,-1,,,,,out of pairing
2340209,460534,5,595581,1767225600,2671.71,-1,-1,,,,,out of pairing
2340234,460534,5,577992,1767225600,2643.06,-1,-1,,,,,out of pairing
2340242,460534,5,642329,1767225600,764.72,-1,-1,,,,,out of pairing
2340258,460534,5,644226,1767225600,2350.68,-1,-1,,,,,out of pairing
2340262,460534,5,632961,1767225600,648.26,-1,-1,,,,,out of pairing
2340280,460534,5,503701,1767225600,1375.81,-1,-1,,,,,out of pairing
2340294,460534,5,571970,1767225600,128.43,-1,-1,,,,,out of pairing
2340300,460534,5,527449,1767225600,296.29,-1,-1,,,,,out of pairing
2340304,460534,5,459381,1767225600,531.57,-1,-1,,,,,out of pairing
2340311,460534,5,595298,1767225600,2538.67,-1,-1,,,,,out of pairing
2340322,460534,5,520660,1767225600,1486.55,-1,-1,,,,,out of pairing
2340324,460534,5,536346,1767225600,806.12,-1,-1,,,,,out of pairing
2340387,460534,5,466907,1767225600,529.02,-1,-1,,,,,out of pairing
2340399,460534,5,589943,1767225600,811.95,-1,-1,,,,,out of pairing
2340521,460534,5,621924,1767225600,21313.9,-1,-1,,,,,out of pairing
2340571,460534,5,620120,1767225600,12490.4,-1,-1,,,,,out of pairing
2340572,460534,5,473173,1767225600,176.17,-1,-1,,,,,out of pairing
3951346,476124,5,575030,1767225600,8755.86,-1,-1,,,,,out of pairing
3951349,476124,5,473173,1767225600,1752.9,-1,-1,,,,,out of pairing
3951350,476124,5,632961,1767225600,483.49,-1,-1,,,,,out of pairing
3951351,476124,5,571970,1767225600,242.07,-1,-1,,,,,out of pairing
3951353,476124,5,503701,1767225600,2629.1,-1,-1,,,,,out of pairing
3951354,476124,5,616315,1767225600,525.88,-1,-1,,,,,out of pairing
3951355,476124,5,580426,1767225600,139.5,-1,-1,,,,,out of pairing
3951356,476124,5,523927,1767225600,432.5,-1,-1,,,,,out of pairing
3951357,476124,5,537281,1767225600,435.86,-1,-1,,,,,out of pairing
3951358,476124,5,589943,1767225600,1190.41,-1,-1,,,,,out of pairing
3951359,476124,5,466907,1767225600,251.73,-1,-1,,,,,out of pairing
3951361,476124,5,595298,1767225600,1661.71,-1,-1,,,,,out of pairing
3951363,476124,5,459381,1767225600,520.36,-1,-1,,,,,out of pairing
3951364,476124,5,527449,1767225600,182.42,-1,-1,,,,,out of pairing
3951365,476124,5,567195,1767225600,1308.03,-1,-1,,,,,out of pairing
3951366,476124,5,630626,1767225600,2570.02,-1,-1,,,,,out of pairing
3951368,476124,5,642329,1767225600,650.4,-1,-1,,,,,out of pairing
5065453,477769,5,523927,1767225600,203.74,-1,-1,,,,,out of pairing
5065454,477769,5,537281,1767225600,360.07,-1,-1,,,,,out of pairing
5065462,477769,5,577992,1767225600,3079.75,-1,-1,,,,,out of pairing
5065466,477769,5,589943,1767225600,1713.18,-1,-1,,,,,out of pairing
5065498,477769,5,466907,1767225600,575.95,-1,-1,,,,,out of pairing
5065514,477769,5,595298,1767225600,2422.19,-1,-1,,,,,out of pairing
5065520,477769,5,580426,1767225600,1024.98,-1,-1,,,,,out of pairing
5065573,477769,5,621924,1767225600,726.66,-1,-1,,,,,out of pairing
5065576,477769,5,620120,1767225600,4697.14,-1,-1,,,,,out of pairing
5065578,477769,5,473173,1767225600,1812.31,-1,-1,,,,,out of pairing
5065579,477769,5,644226,1767225600,479.67,-1,-1,,,,,out of pairing
5065580,477769,5,571970,1767225600,23.41,-1,-1,,,,,out of pairing
5065582,477769,5,503701,1767225600,1023.49,-1,-1,,,,,out of pairing
5065585,477769,5,642329,1767225600,1282.14,-1,-1,,,,,out of pairing
5065586,477769,5,595581,1767225600,2880.01,-1,-1,,,,,out of pairing
5065614,477769,5,632961,1767225600,12.66,-1,-1,,,,,out of pairing
5065632,477769,5,536346,1767225600,953.23,-1,-1,,,,,out of pairing
5065640,477769,5,520660,1767225600,2884.24,-1,-1,,,,,out of pairing
5065679,477769,5,630626,1767225600,4549.3,-1,-1,,,,,out of pairing
5065689,477769,5,527449,1767225600,106.55,-1,-1,,,,,out of pairing
5065699,477769,5,459381,1767225600,876.67,-1,-1,,,,,out of pairing
5065713,477769,5,567195,1767225600,3586.26,-1,-1,,,,,out of pairing
5962360,479204,5,621924,1767225600,380.81,-1,-1,,,,,out of pairing
5962361,479204,5,571970,1767225600,162.83,-1,-1,,,,,out of pairing
5962364,479204,5,527449,1767225600,86.15,-1,-1,,,,,out of pairing
5962383,479204,5,473173,1767225600,1145.44,-1,-1,,,,,out of pairing
5962385,479204,5,459381,1767225600,67.44,-1,-1,,,,,out of pairing
5962386,479204,5,503701,1767225600,6053.71,-1,-1,,,,,out of pairing
5962387,479204,5,642329,1767225600,858.65,-1,-1,,,,,out of pairing
5962389,479204,5,616315,1767225600,4039.93,-1,-1,,,,,out of pairing
5962390,479204,5,595581,1767225600,3237.96,-1,-1,,,,,out of pairing
5962393,479204,5,523927,1767225600,369.41,-1,-1,,,,,out of pairing
5962396,479204,5,537281,1767225600,597.63,-1,-1,,,,,out of pairing
5962400,479204,5,589943,1767225600,2257.86,-1,-1,,,,,out of pairing
5962401,479204,5,466907,1767225600,1662.66,-1,-1,,,,,out of pairing
5962403,479204,5,595298,1767225600,2116.69,-1,-1,,,,,out of pairing
6653282,480268,5,503701,1767225600,2449.41,-1,-1,,,,,out of pairing
6653293,480268,5,616315,1767225600,468.21,-1,-1,,,,,out of pairing
6653308,480268,5,595581,1767225600,162.96,-1,-1,,,,,out of pairing
6653312,480268,5,575030,1767225600,4860.24,-1,-1,,,,,out of pairing
6653348,480268,5,621924,1767225600,903.74,-1,-1,,,,,out of pairing
6653355,480268,5,642329,1767225600,173.27,-1,-1,,,,,out of pairing
6653372,480268,5,473173,1767225600,1676.06,-1,-1,,,,,out of pairing
6653379,480268,5,536346,1767225600,1304.96,-1,-1,,,,,out of pairing
6653392,480268,5,630626,1767225600,4221.44,-1,-1,,,,,out of pairing
6653413,480268,5,503218,1767225600,525.2,-1,-1,,,,,out of pairing
6653419,480268,5,595298,1767225600,1351.64,-1,-1,,,,,out of pairing
6653431,480268,5,459381,1767225600,477.33,-1,-1,,,,,out of pairing
6653434,480268,5,527449,1767225600,400.9,-1,-1,,,,,out of pairing
6653436,480268,5,567195,1767225600,1192.07,-1,-1,,,,,out of pairing
6653446,480268,5,520660,1767225600,2102.52,-1,-1,,,,,out of pairing
6653448,480268,5,466907,1767225600,351.96,-1,-1,,,,,out of pairing
6653488,480268,5,644226,1767225600,1162.64,-1,-1,,,,,out of pairing
6653500,480268,5,620120,1767225600,652.59,-1,-1,,,,,out of pairing
6653503,480268,5,580426,1767225600,183.0,-1,-1,,,,,out of pairing
6653514,480268,5,632961,1767225600,300.64,-1,-1,,,,,out of pairing
6653535,480268,5,537281,1767225600,561.13,-1,-1,,,,,out of pairing
6653538,480268,5,577992,1767225600,73.15,-1,-1,,,,,out of pairing
6718868,480375,5,575030,1767225600,6340.75,-1,-1,,,,,out of pairing
6718869,480375,5,620120,1767225600,5842.82,-1,-1,,,,,out of pairing
6718870,480375,5,473173,1767225600,126.21,-1,-1,,,,,out of pairing
6718871,480375,5,632961,1767225600,636.82,-1,-1,,,,,out of pairing
6718873,480375,5,571970,1767225600,36.32,-1,-1,,,,,out of pairing
6718874,480375,5,503701,1767225600,207.26,-1,-1,,,,,out of pairing
6718877,480375,5,642329,1767225600,1829.81,-1,-1,,,,,out of pairing
6718878,480375,5,523927,1767225600,2973.16,-1,-1,,,,,out of pairing
6718879,480375,5,537281,1767225600,1065.67,-1,-1,,,,,out of pairing
6718881,480375,5,589943,1767225600,1346.23,-1,-1,,,,,out of pairing
6718919,480375,5,466907,1767225600,686.34,-1,-1,,,,,out of pairing
6718925,480375,5,595298,1767225600,1359.39,-1,-1,,,,,out of pairing
6718926,480375,5,459381,1767225600,635.24,-1,-1,,,,,out of pairing
6718927,480375,5,527449,1767225600,77.9,-1,-1,,,,,out of pairing
6718928,480375,5,567195,1767225600,6312.99,-1,-1,,,,,out of pairing
6718929,480375,5,630626,1767225600,5505.81,-1,-1,,,,,out of pairing
8327403,482973,5,621924,1767225600,1293.24,-1,-1,,,,,out of pairing
8327542,482973,5,577992,1767225600,102.65,-1,-1,,,,,out of pairing
8327543,482973,5,537281,1767225600,37.37,-1,-1,,,,,out of pairing
8327544,482973,5,595581,1767225600,255.08,-1,-1,,,,,out of pairing
8327549,482973,5,642329,1767225600,364.38,-1,-1,,,,,out of pairing
8327552,482973,5,503701,1767225600,274.12,-1,-1,,,,,out of pairing
8327554,482973,5,571970,1767225600,38.65,-1,-1,,,,,out of pairing
8327559,482973,5,473173,1767225600,116.24,-1,-1,,,,,out of pairing
8327563,482973,5,620120,1767225600,381.8,-1,-1,,,,,out of pairing
8327580,482973,5,640784,1767225600,1.78,-1,-1,,,,,out of pairing
8327582,482973,5,630626,1767225600,1371.52,-1,-1,,,,,out of pairing
8327583,482973,5,567195,1767225600,199.5,-1,-1,,,,,out of pairing
8327586,482973,5,527449,1767225600,93.2,-1,-1,,,,,out of pairing
8327588,482973,5,459381,1767225600,289.99,-1,-1,,,,,out of pairing
8327589,482973,5,595298,1767225600,735.84,-1,-1,,,,,out of pairing
8327592,482973,5,466907,1767225600,95.06,-1,-1,,,,,out of pairing
8327593,482973,5,589943,1767225600,79.7,-1,-1,,,,,out of pairing
15414411,494508,5,621924,1767225600,1028.85,-1,-1,,,,,out of pairing
15414413,494508,5,575030,1767225600,2564.88,-1,-1,,,,,out of pairing
15414416,494508,5,620120,1767225600,3589.0,-1,-1,,,,,out of pairing
15414417,494508,5,473173,1767225600,213.42,-1,-1,,,,,out of pairing
15414418,494508,5,632961,1767225600,830.78,-1,-1,,,,,out of pairing
15414420,494508,5,644226,1767225600,1459.66,-1,-1,,,,,out of pairing
15414421,494508,5,642329,1767225600,1134.96,-1,-1,,,,,out of pairing
15414422,494508,5,595581,1767225600,1141.6,-1,-1,,,,,out of pairing
15414423,494508,5,580426,1767225600,780.74,-1,-1,,,,,out of pairing
15414435,494508,5,523927,1767225600,2667.51,-1,-1,,,,,out of pairing
15414446,494508,5,589943,1767225600,4935.97,-1,-1,,,,,out of pairing
15414447,494508,5,466907,1767225600,8.88,-1,-1,,,,,out of pairing
15414468,494508,5,595298,1767225600,2723.85,-1,-1,,,,,out of pairing
15414469,494508,5,459381,1767225600,310.74,-1,-1,,,,,out of pairing
15414470,494508,5,527449,1767225600,203.42,-1,-1,,,,,out of pairing
15414471,494508,5,567195,1767225600,7219.24,-1,-1,,,,,out of pairing
15414472,494508,5,536346,1767225600,22.54,-1,-1,,,,,out of pairing
15448966,494556,5,523927,1767225600,3377.88,-1,-1,,,,,out of pairing
15448971,494556,5,459381,1767225600,1408.89,-1,-1,,,,,out of pairing
15448979,494556,5,567195,1767225600,8412.51,-1,-1,,,,,out of pairing
15448980,494556,5,589943,1767225600,1866.42,-1,-1,,,,,out of pairing
15448981,494556,5,575030,1767225600,457.84,-1,-1,,,,,out of pairing
15449001,494556,5,466907,1767225600,822.58,-1,-1,,,,,out of pairing
15449029,494556,5,537281,1767225600,1138.73,-1,-1,,,,,out of pairing
15449037,494556,5,577992,1767225600,7575.78,-1,-1,,,,,out of pairing
15449070,494556,5,595298,1767225600,1004.48,-1,-1,,,,,out of pairing
15449078,494556,5,642329,1767225600,3628.12,-1,-1,,,,,out of pairing
15449084,494556,5,503701,1767225600,7986.1,-1,-1,,,,,out of pairing
15449118,494556,5,536346,1767225600,778.29,-1,-1,,,,,out of pairing
15449132,494556,5,580426,1767225600,3479.55,-1,-1,,,,,out of pairing
15449135,494556,5,527449,1767225600,486.2,-1,-1,,,,,out of pairing
15449153,494556,5,620120,1767225600,64046.5,-1,-1,,,,,out of pairing
15449155,494556,5,503218,1767225600,1467.61,-1,-1,,,,,out of pairing
15449163,494556,5,644226,1767225600,452.03,-1,-1,,,,,out of pairing
15449181,494556,5,473173,1767225600,2463.99,-1,-1,,,,,out of pairing
15449183,494556,5,520660,1767225600,5751.4,-1,-1,,,,,out of pairing
15449828,494556,5,640784,1767225600,1018.4,-1,-1,,,,,out of pairing
17647163,497185,5,503218,1767225600,109.53,-1,-1,,,,,out of pairing
17647167,497185,5,527449,1767225600,118.35,-1,-1,,,,,out of pairing
17647184,497185,5,459381,1767225600,415.84,-1,-1,,,,,out of pairing
17647206,497185,5,630626,1767225600,1759.65,-1,-1,,,,,out of pairing
17647405,497185,5,523927,1767225600,533.6,-1,-1,,,,,out of pairing
17647409,497185,5,580426,1767225600,98.21,-1,-1,,,,,out of pairing
17647411,497185,5,595581,1767225600,33.4,-1,-1,,,,,out of pairing
17647416,497185,5,616315,1767225600,84.34,-1,-1,,,,,out of pairing
17647428,497185,5,595298,1767225600,1030.53,-1,-1,,,,,out of pairing
17647431,497185,5,466907,1767225600,72.19,-1,-1,,,,,out of pairing
17647432,497185,5,577992,1767225600,87.14,-1,-1,,,,,out of pairing
17647440,497185,5,537281,1767225600,231.54,-1,-1,,,,,out of pairing
17647451,497185,5,642329,1767225600,531.26,-1,-1,,,,,out of pairing
17647452,497185,5,620120,1767225600,258.5,-1,-1,,,,,out of pairing
17647475,497185,5,632961,1767225600,25.29,-1,-1,,,,,out of pairing
17647479,497185,5,473173,1767225600,41.91,-1,-1,,,,,out of pairing
19474794,500192,5,621924,1767225600,432.09,-1,-1,,,,,out of pairing
19474808,500192,5,575030,1767225600,8324.86,-1,-1,,,,,out of pairing
19474809,500192,5,473173,1767225600,1273.9,-1,-1,,,,,out of pairing
19474812,500192,5,630626,1767225600,6299.47,-1,-1,,,,,out of pairing
19474813,500192,5,536346,1767225600,1412.45,-1,-1,,,,,out of pairing
19474814,500192,5,567195,1767225600,4057.38,-1,-1,,,,,out of pairing
19474815,500192,5,527449,1767225600,187.31,-1,-1,,,,,out of pairing
19474817,500192,5,459381,1767225600,600.77,-1,-1,,,,,out of pairing
19474818,500192,5,595298,1767225600,1204.43,-1,-1,,,,,out of pairing
19474819,500192,5,466907,1767225600,800.07,-1,-1,,,,,out of pairing
19474820,500192,5,620120,1767225600,5660.32,-1,-1,,,,,out of pairing
19474821,500192,5,589943,1767225600,1887.48,-1,-1,,,,,out of pairing
19474822,500192,5,577992,1767225600,2360.52,-1,-1,,,,,out of pairing
19474823,500192,5,537281,1767225600,190.22,-1,-1,,,,,out of pairing
19474824,500192,5,595581,1767225600,544.58,-1,-1,,,,,out of pairing
19474825,500192,5,616315,1767225600,423.8,-1,-1,,,,,out of pairing
19474826,500192,5,642329,1767225600,103.67,-1,-1,,,,,out of pairing
19474827,500192,5,503701,1767225600,1416.25,-1,-1,,,,,out of pairing
19474829,500192,5,644226,1767225600,226.55,-1,-1,,,,,out of pairing
19474830,500192,5,632961,1767225600,454.98,-1,-1,,,,,out of pairing
24856389,508913,5,620120,1767225600,95.11,-1,-1,,,,,out of pairing
24856423,508913,5,575030,1767225600,1023.65,-1,-1,,,,,out of pairing
24856424,508913,5,473173,1767225600,599.44,-1,-1,,,,,out of pairing
24856427,508913,5,644226,1767225600,343.39,-1,-1,,,,,out of pairing
24856430,508913,5,571970,1767225600,64.36,-1,-1,,,,,out of pairing
24856431,508913,5,503701,1767225600,942.03,-1,-1,,,,,out of pairing
24856432,508913,5,642329,1767225600,212.69,-1,-1,,,,,out of pairing
24856434,508913,5,595581,1767225600,6.75,-1,-1,,,,,out of pairing
24856435,508913,5,580426,1767225600,120.22,-1,-1,,,,,out of pairing
24856439,508913,5,537281,1767225600,94.86,-1,-1,,,,,out of pairing
24856442,508913,5,589943,1767225600,274.86,-1,-1,,,,,out of pairing
24856444,508913,5,466907,1767225600,234.18,-1,-1,,,,,out of pairing
24856445,508913,5,595298,1767225600,456.16,-1,-1,,,,,out of pairing
24856446,508913,5,459381,1767225600,352.59,-1,-1,,,,,out of pairing
24856447,508913,5,527449,1767225600,114.7,-1,-1,,,,,out of pairing
24856448,508913,5,536346,1767225600,241.69,-1,-1,,,,,out of pairing
25538734,510031,5,572500,1767225600,1159.04,-1,-1,,,,,out of pairing
25540713,510031,5,494556,1767225600,5298.68,-1,-1,,,,,out of pairing
25549719,510031,5,460534,1767225600,614.86,-1,-1,,,,,out of pairing
25552673,510031,5,652002,1767225600,110.37,-1,-1,,,,,out of pairing
25558438,510031,5,459811,1767225600,174.53,-1,-1,,,,,out of pairing
25567607,510031,5,559042,1767225600,604.52,-1,-1,,,,,out of pairing
25568385,510031,5,566386,1767225600,990.94,-1,-1,,,,,out of pairing
25572344,510031,5,463038,1767225600,1136.53,-1,-1,,,,,out of pairing
25580011,510031,5,536715,1767225600,170.95,-1,-1,,,,,out of pairing
25580937,510031,5,629627,1767225600,336.04,-1,-1,,,,,out of pairing
25580949,510031,5,516694,1767225600,396.34,-1,-1,,,,,out of pairing
25580950,510031,5,476124,1767225600,950.56,-1,-1,,,,,out of pairing
25580951,510031,5,545850,1767225600,69.73,-1,-1,,,,,out of pairing
25580955,510031,5,594766,1767225600,3626.51,-1,-1,,,,,out of pairing
25580956,510031,5,634283,1767225600,1061.17,-1,-1,,,,,out of pairing
25580958,510031,5,655636,1767225600,4297.7,-1,-1,,,,,out of pairing
25580964,510031,5,593266,1767225600,271.54,-1,-1,,,,,out of pairing
25583165,510031,5,534237,1767225600,888.58,-1,-1,,,,,out of pairing
25586236,510031,5,477769,1767225600,614.51,-1,-1,,,,,out of pairing
25593705,510031,5,457699,1767225600,2545.25,-1,-1,,,,,out of pairing
25601827,510031,5,595539,1767225600,59.7,-1,-1,,,,,out of pairing
30021193,463038,5,595581,1767225600,393.88,-1,-1,,,,,out of pairing
30021202,463038,5,580426,1767225600,1067.2,-1,-1,,,,,out of pairing
30021210,463038,5,536346,1767225600,145.85,-1,-1,,,,,out of pairing
30021212,463038,5,616315,1767225600,3231.2,-1,-1,,,,,out of pairing
30021235,463038,5,642329,1767225600,560.27,-1,-1,,,,,out of pairing
30021241,463038,5,567195,1767225600,2894.83,-1,-1,,,,,out of pairing
30021258,463038,5,527449,1767225600,354.34,-1,-1,,,,,out of pairing
30021266,463038,5,575030,1767225600,20576.9,-1,-1,,,,,out of pairing
30021312,463038,5,473173,1767225600,1916.68,-1,-1,,,,,out of pairing
30021325,463038,5,621924,1767225600,23167.8,-1,-1,,,,,out of pairing
30021348,463038,5,571970,1767225600,471.64,-1,-1,,,,,out of pairing
30021370,463038,5,503701,1767225600,4549.14,-1,-1,,,,,out of pairing
30021386,463038,5,632961,1767225600,906.14,-1,-1,,,,,out of pairing
30021388,463038,5,644226,1767225600,1773.17,-1,-1,,,,,out of pairing
30021429,463038,5,589943,1767225600,3282.51,-1,-1,,,,,out of pairing
30021434,463038,5,459381,1767225600,1357.24,-1,-1,,,,,out of pairing
30021440,463038,5,466907,1767225600,1875.01,-1,-1,,,,,out of pairing
30021497,463038,5,595298,1767225600,7101.08,-1,-1,,,,,out of pairing
30021593,463038,5,523927,1767225600,3595.21,-1,-1,,,,,out of pairing
30080747,463126,5,621924,1767225600,610.22,-1,-1,,,,,out of pairing
30080748,463126,5,620120,1767225600,391.34,-1,-1,,,,,out of pairing
30080749,463126,5,473173,1767225600,2823.4,-1,-1,,,,,out of pairing
30080750,463126,5,632961,1767225600,152.48,-1,-1,,,,,out of pairing
30080751,463126,5,571970,1767225600,116.51,-1,-1,,,,,out of pairing
30080752,463126,5,503701,1767225600,1475.35,-1,-1,,,,,out of pairing
30080753,463126,5,642329,1767225600,801.12,-1,-1,,,,,out of pairing
30080755,463126,5,616315,1767225600,613.05,-1,-1,,,,,out of pairing
30080756,463126,5,523927,1767225600,1318.86,-1,-1,,,,,out of pairing
30080757,463126,5,537281,1767225600,513.89,-1,-1,,,,,out of pairing
30080758,463126,5,589943,1767225600,914.43,-1,-1,,,,,out of pairing
30080759,463126,5,466907,1767225600,687.31,-1,-1,,,,,out of pairing
30080760,463126,5,595298,1767225600,1791.04,-1,-1,,,,,out of pairing
30080761,463126,5,459381,1767225600,681.13,-1,-1,,,,,out of pairing
30080762,463126,5,527449,1767225600,185.12,-1,-1,,,,,out of pairing
30080763,463126,5,567195,1767225600,689.08,-1,-1,,,,,out of pairing
30080766,463126,5,595581,1767225600,250.07,-1,-1,,,,,out of pairing
30433680,516694,5,537281,1767225600,166.46,-1,-1,,,,,out of pairing
30433762,516694,5,632961,1767225600,462.89,-1,-1,,,,,out of pairing
30433764,516694,5,473173,1767225600,2505.69,-1,-1,,,,,out of pairing
30433765,516694,5,620120,1767225600,10411.7,-1,-1,,,,,out of pairing
30433766,516694,5,575030,1767225600,3546.45,-1,-1,,,,,out of pairing
30433770,516694,5,621924,1767225600,2394.68,-1,-1,,,,,out of pairing
30433782,516694,5,577992,1767225600,406.0,-1,-1,,,,,out of pairing
30433783,516694,5,580426,1767225600,1604.15,-1,-1,,,,,out of pairing
30433784,516694,5,466907,1767225600,503.52,-1,-1,,,,,out of pairing
30433785,516694,5,595298,1767225600,2869.86,-1,-1,,,,,out of pairing
30433786,516694,5,459381,1767225600,130.26,-1,-1,,,,,out of pairing
30433787,516694,5,527449,1767225600,535.37,-1,-1,,,,,out of pairing
30433788,516694,5,567195,1767225600,2424.6,-1,-1,,,,,out of pairing
30433789,516694,5,503701,1767225600,934.12,-1,-1,,,,,out of pairing
30433790,516694,5,630626,1767225600,5328.94,-1,-1,,,,,out of pairing
30433794,516694,5,616315,1767225600,2542.51,-1,-1,,,,,out of pairing
30433796,516694,5,642329,1767225600,913.89,-1,-1,,,,,out of pairing
30433798,516694,5,595581,1767225600,2386.26,-1,-1,,,,,out of pairing
30433987,516694,5,523927,1767225600,3171.08,-1,-1,,,,,out of pairing
41290296,534237,5,632961,1767225600,452.33,-1,-1,,,,,out of pairing
41290303,534237,5,644226,1767225600,1324.45,-1,-1,,,,,out of pairing
41290304,534237,5,571970,1767225600,116.06,-1,-1,,,,,out of pairing
41290305,534237,5,503701,1767225600,3069.18,-1,-1,,,,,out of pairing
41290306,534237,5,642329,1767225600,1234.67,-1,-1,,,,,out of pairing
41290308,534237,5,616315,1767225600,1254.0,-1,-1,,,,,out of pairing
41290310,534237,5,595581,1767225600,221.02,-1,-1,,,,,out of pairing
41290314,534237,5,473173,1767225600,201.89,-1,-1,,,,,out of pairing
41290325,534237,5,621924,1767225600,1173.94,-1,-1,,,,,out of pairing
41290328,534237,5,575030,1767225600,2735.14,-1,-1,,,,,out of pairing
41290330,534237,5,620120,1767225600,2097.81,-1,-1,,,,,out of pairing
41290334,534237,5,523927,1767225600,3744.27,-1,-1,,,,,out of pairing
41290337,534237,5,595298,1767225600,568.47,-1,-1,,,,,out of pairing
41290342,534237,5,459381,1767225600,250.09,-1,-1,,,,,out of pairing
41290343,534237,5,527449,1767225600,138.69,-1,-1,,,,,out of pairing
41290347,534237,5,567195,1767225600,2195.87,-1,-1,,,,,out of pairing
41290348,534237,5,536346,1767225600,1565.04,-1,-1,,,,,out of pairing
41290353,534237,5,466907,1767225600,676.4,-1,-1,,,,,out of pairing
41290358,534237,5,537281,1767225600,281.86,-1,-1,,,,,out of pairing
41290363,534237,5,577992,1767225600,756.58,-1,-1,,,,,out of pairing
41290374,534237,5,589943,1767225600,284.06,-1,-1,,,,,out of pairing
42780676,463884,5,580426,1767225600,30.75,-1,-1,,,,,out of pairing
42780677,463884,5,523927,1767225600,856.18,-1,-1,,,,,out of pairing
42780678,463884,5,537281,1767225600,274.46,-1,-1,,,,,out of pairing
42780696,463884,5,589943,1767225600,1784.29,-1,-1,,,,,out of pairing
42780706,463884,5,577992,1767225600,63.39,-1,-1,,,,,out of pairing
42780710,463884,5,621924,1767225600,191.5,-1,-1,,,,,out of pairing
42780719,463884,5,620120,1767225600,408.09,-1,-1,,,,,out of pairing
42780722,463884,5,473173,1767225600,1941.58,-1,-1,,,,,out of pairing
42780723,463884,5,571970,1767225600,63.8,-1,-1,,,,,out of pairing
42780730,463884,5,503701,1767225600,1641.25,-1,-1,,,,,out of pairing
42780732,463884,5,642329,1767225600,336.91,-1,-1,,,,,out of pairing
42780733,463884,5,595581,1767225600,510.44,-1,-1,,,,,out of pairing
42780749,463884,5,630626,1767225600,2381.95,-1,-1,,,,,out of pairing
42780758,463884,5,567195,1767225600,690.38,-1,-1,,,,,out of pairing
42780770,463884,5,640784,1767225600,132.98,-1,-1,,,,,out of pairing
42780785,463884,5,466907,1767225600,313.11,-1,-1,,,,,out of pairing
42780788,463884,5,595298,1767225600,430.72,-1,-1,,,,,out of pairing
42780798,463884,5,459381,1767225600,501.86,-1,-1,,,,,out of pairing
42780806,463884,5,527449,1767225600,87.35,-1,-1,,,,,out of pairing
44647526,536715,5,620120,1767225600,9067.84,-1,-1,,,,,out of pairing
44647527,536715,5,575030,1767225600,3764.57,-1,-1,,,,,out of pairing
44647542,536715,5,473173,1767225600,2070.4,-1,-1,,,,,out of pairing
44647544,536715,5,503701,1767225600,2579.48,-1,-1,,,,,out of pairing
44647548,536715,5,644226,1767225600,1120.83,-1,-1,,,,,out of pairing
44647555,536715,5,632961,1767225600,554.56,-1,-1,,,,,out of pairing
44647562,536715,5,642329,1767225600,1857.45,-1,-1,,,,,out of pairing
44647606,536715,5,466907,1767225600,524.38,-1,-1,,,,,out of pairing
44647608,536715,5,595298,1767225600,1880.36,-1,-1,,,,,out of pairing
44647610,536715,5,459381,1767225600,742.15,-1,-1,,,,,out of pairing
44647611,536715,5,527449,1767225600,398.11,-1,-1,,,,,out of pairing
44647612,536715,5,567195,1767225600,7322.58,-1,-1,,,,,out of pairing
44647615,536715,5,520660,1767225600,7572.39,-1,-1,,,,,out of pairing
44647622,536715,5,640784,1767225600,601.56,-1,-1,,,,,out of pairing
44647636,536715,5,536346,1767225600,492.38,-1,-1,,,,,out of pairing
44647637,536715,5,606730,1767225600,279.34,-1,-1,,,,,out of pairing
44647640,536715,5,589943,1767225600,3982.15,-1,-1,,,,,out of pairing
44647642,536715,5,580426,1767225600,1424.37,-1,-1,,,,,out of pairing
44647649,536715,5,595581,1767225600,2207.29,-1,-1,,,,,out of pairing
44647651,536715,5,616315,1767225600,10236.1,-1,-1,,,,,out of pairing
44647666,536715,5,577992,1767225600,4692.09,-1,-1,,,,,out of pairing
50199432,545850,5,571970,1767225600,61.76,-1,-1,,,,,out of pairing
50199434,545850,5,503701,1767225600,1729.66,-1,-1,,,,,out of pairing
50199436,545850,5,616315,1767225600,818.56,-1,-1,,,,,out of pairing
50199439,545850,5,595581,1767225600,523.45,-1,-1,,,,,out of pairing
50199440,545850,5,580426,1767225600,68.92,-1,-1,,,,,out of pairing
50199442,545850,5,523927,1767225600,1131.17,-1,-1,,,,,out of pairing
50199443,545850,5,632961,1767225600,176.84,-1,-1,,,,,out of pairing
50199444,545850,5,577992,1767225600,1024.6,-1,-1,,,,,out of pairing
50199446,545850,5,589943,1767225600,561.45,-1,-1,,,,,out of pairing
50199447,545850,5,466907,1767225600,569.12,-1,-1,,,,,out of pairing
50199452,545850,5,595298,1767225600,963.21,-1,-1,,,,,out of pairing
50199453,545850,5,459381,1767225600,236.22,-1,-1,,,,,out of pairing
50199454,545850,5,527449,1767225600,269.93,-1,-1,,,,,out of pairing
50199458,545850,5,473173,1767225600,1625.15,-1,-1,,,,,out of pairing
50199517,545850,5,630626,1767225600,640.77,-1,-1,,,,,out of pairing
50199542,545850,5,567195,1767225600,2882.59,-1,-1,,,,,out of pairing
50876807,546999,5,466907,1767225600,560.55,-1,-1,,,,,out of pairing
50876809,546999,5,589943,1767225600,193.75,-1,-1,,,,,out of pairing
50876812,546999,5,523927,1767225600,2315.68,-1,-1,,,,,out of pairing
50876817,546999,5,580426,1767225600,18.88,-1,-1,,,,,out of pairing
50876823,546999,5,595581,1767225600,203.09,-1,-1,,,,,out of pairing
50876824,546999,5,616315,1767225600,2049.9,-1,-1,,,,,out of pairing
50876829,546999,5,595298,1767225600,3802.45,-1,-1,,,,,out of pairing
50876836,546999,5,630626,1767225600,4742.28,-1,-1,,,,,out of pairing
50876839,546999,5,567195,1767225600,2832.03,-1,-1,,,,,out of pairing
50876843,546999,5,527449,1767225600,308.64,-1,-1,,,,,out of pairing
50876844,546999,5,459381,1767225600,665.85,-1,-1,,,,,out of pairing
50876926,546999,5,503701,1767225600,511.35,-1,-1,,,,,out of pairing
50876952,546999,5,571970,1767225600,79.65,-1,-1,,,,,out of pairing
50877077,546999,5,473173,1767225600,599.23,-1,-1,,,,,out of pairing
50877079,546999,5,620120,1767225600,852.05,-1,-1,,,,,out of pairing
50877082,546999,5,575030,1767225600,3921.66,-1,-1,,,,,out of pairing
53710802,551810,5,537281,1767225600,80.36,-1,-1,,,,,out of pairing
53710807,551810,5,523927,1767225600,76.74,-1,-1,,,,,out of pairing
53710808,551810,5,580426,1767225600,1177.98,-1,-1,,,,,out of pairing
53710811,551810,5,595581,1767225600,846.87,-1,-1,,,,,out of pairing
53710813,551810,5,642329,1767225600,730.04,-1,-1,,,,,out of pairing
53710816,551810,5,571970,1767225600,24.96,-1,-1,,,,,out of pairing
53710817,551810,5,473173,1767225600,1257.7,-1,-1,,,,,out of pairing
53710820,551810,5,575030,1767225600,3497.54,-1,-1,,,,,out of pairing
53710822,551810,5,621924,1767225600,15916.2,-1,-1,,,,,out of pairing
53710825,551810,5,503701,1767225600,389.26,-1,-1,,,,,out of pairing
53711100,551810,5,589943,1767225600,1083.85,-1,-1,,,,,out of pairing
53711374,551810,5,630626,1767225600,4960.44,-1,-1,,,,,out of pairing
53711375,551810,5,567195,1767225600,9540.06,-1,-1,,,,,out of pairing
53711376,551810,5,527449,1767225600,112.42,-1,-1,,,,,out of pairing
53711379,551810,5,459381,1767225600,412.01,-1,-1,,,,,out of pairing
53711381,551810,5,595298,1767225600,1924.34,-1,-1,,,,,out of pairing
53711382,551810,5,466907,1767225600,256.74,-1,-1,,,,,out of pairing
54470910,552988,5,595539,1767225600,3231.94,-1,-1,,,,,out of pairing
54474163,552988,5,494556,1767225600,225933.0,-1,-1,,,,,out of pairing
54477792,552988,5,497185,1767225600,2303.34,-1,-1,,,,,out of pairing
54479081,552988,5,600329,1767225600,19516.8,-1,-1,,,,,out of pairing
54487261,552988,5,648781,1767225600,3117.65,-1,-1,,,,,out of pairing
54488741,552988,5,494508,1767225600,21408.3,-1,-1,,,,,out of pairing
54494903,552988,5,457699,1767225600,23762.8,-1,-1,,,,,out of pairing
54496101,552988,5,583251,1767225600,5970.1,-1,-1,,,,,out of pairing
54500081,552988,5,463884,1767225600,14528.8,-1,-1,,,,,out of pairing
54505422,552988,5,597992,1767225600,1820.19,-1,-1,,,,,out of pairing
54506299,552988,5,612378,1767225600,9017.81,-1,-1,,,,,out of pairing
54507995,552988,5,652002,1767225600,1898.94,-1,-1,,,,,out of pairing
54513003,552988,5,460534,1767225600,75190.7,-1,-1,,,,,out of pairing
54514364,552988,5,482973,1767225600,3778.4,-1,-1,,,,,out of pairing
54518916,552988,5,463038,1767225600,23815.3,-1,-1,,,,,out of pairing
54522170,552988,5,599441,1767225600,820.43,-1,-1,,,,,out of pairing
54522221,552988,5,629627,1767225600,6596.71,-1,-1,,,,,out of pairing
54523454,552988,5,477769,1767225600,35068.4,-1,-1,,,,,out of pairing
54523455,552988,5,572500,1767225600,51196.7,-1,-1,,,,,out of pairing
54523462,552988,5,500192,1767225600,32952.3,-1,-1,,,,,out of pairing
54523463,552988,5,480268,1767225600,9172.64,-1,-1,,,,,out of pairing
54523662,552988,5,480375,1767225600,40424.3,-1,-1,,,,,out of pairing
54523698,552988,5,638752,1767225600,16792.6,-1,-1,,,,,out of pairing
54523725,552988,5,476124,1767225600,10338.6,-1,-1,,,,,out of pairing
54523744,552988,5,516694,1767225600,38911.2,-1,-1,,,,,out of pairing
54523779,552988,5,615605,1767225600,12527.4,-1,-1,,,,,out of pairing
54524201,552988,5,545850,1767225600,16770.8,-1,-1,,,,,out of pairing
54524205,552988,5,551810,1767225600,131542.0,-1,-1,,,,,out of pairing
54524270,552988,5,593266,1767225600,14554.8,-1,-1,,,,,out of pairing
54524299,552988,5,636990,1767225600,29950.8,-1,-1,,,,,out of pairing
54524300,552988,5,581406,1767225600,21857.8,-1,-1,,,,,out of pairing
54524315,552988,5,558277,1767225600,4654.31,-1,-1,,,,,out of pairing
54524333,552988,5,655636,1767225600,26001.2,-1,-1,,,,,out of pairing
54524389,552988,5,584811,1767225600,19604.0,-1,-1,,,,,out of pairing
54524400,552988,5,568093,1767225600,10786.0,-1,-1,,,,,out of pairing
54524760,552988,5,463126,1767225600,13620.4,-1,-1,,,,,out of pairing
54524777,552988,5,645393,1767225600,39886.6,-1,-1,,,,,out of pairing
54524798,552988,5,546999,1767225600,14682.4,-1,-1,,,,,out of pairing
54524849,552988,5,634283,1767225600,39387.2,-1,-1,,,,,out of pairing
54524851,552988,5,598220,1767225600,45680.7,-1,-1,,,,,out of pairing
54524854,552988,5,479204,1767225600,46459.6,-1,-1,,,,,out of pairing
54524908,552988,5,561312,1767225600,29980.5,-1,-1,,,,,out of pairing
54524932,552988,5,594766,1767225600,40989.6,-1,-1,,,,,out of pairing
54528189,552988,5,536715,1767225600,255193.0,-1,-1,,,,,out of pairing
54535013,552988,5,534237,1767225600,22887.5,-1,-1,,,,,out of pairing
54546625,552988,5,559042,1767225600,1686.87,-1,-1,,,,,out of pairing
54547384,552988,5,566386,1767225600,11793.0,-1,-1,,,,,out of pairing
54550321,552988,5,459811,1767225600,2868.44,-1,-1,,,,,out of pairing
54557496,552988,5,508913,1767225600,3624.24,-1,-1,,,,,out of pairing
60418452,558277,5,567195,1767225600,338.85,-1,-1,,,,,out of pairing
60418502,558277,5,571970,1767225600,45.94,-1,-1,,,,,out of pairing
60418503,558277,5,503701,1767225600,157.81,-1,-1,,,,,out of pairing
60418504,558277,5,642329,1767225600,24.84,-1,-1,,,,,out of pairing
60418505,558277,5,595581,1767225600,380.31,-1,-1,,,,,out of pairing
60418507,558277,5,577992,1767225600,538.33,-1,-1,,,,,out of pairing
60418509,558277,5,466907,1767225600,217.85,-1,-1,,,,,out of pairing
60418511,558277,5,632961,1767225600,28.95,-1,-1,,,,,out of pairing
60418519,558277,5,459381,1767225600,141.75,-1,-1,,,,,out of pairing
60418520,558277,5,527449,1767225600,175.83,-1,-1,,,,,out of pairing
60418522,558277,5,595298,1767225600,488.85,-1,-1,,,,,out of pairing
60418523,558277,5,473173,1767225600,181.56,-1,-1,,,,,out of pairing
60418525,558277,5,620120,1767225600,616.97,-1,-1,,,,,out of pairing
60418542,558277,5,621924,1767225600,495.15,-1,-1,,,,,out of pairing
60418546,558277,5,575030,1767225600,2743.13,-1,-1,,,,,out of pairing
60869363,559042,5,503218,1767225600,142.35,-1,-1,,,,,out of pairing
60869365,559042,5,536346,1767225600,2680.15,-1,-1,,,,,out of pairing
60869368,559042,5,567195,1767225600,2690.0,-1,-1,,,,,out of pairing
60869369,559042,5,527449,1767225600,95.83,-1,-1,,,,,out of pairing
60869370,559042,5,459381,1767225600,365.89,-1,-1,,,,,out of pairing
60869371,559042,5,595298,1767225600,1062.57,-1,-1,,,,,out of pairing
60869373,559042,5,466907,1767225600,269.67,-1,-1,,,,,out of pairing
60869375,559042,5,577992,1767225600,2178.94,-1,-1,,,,,out of pairing
60869377,559042,5,537281,1767225600,113.1,-1,-1,,,,,out of pairing
60869378,559042,5,523927,1767225600,1236.77,-1,-1,,,,,out of pairing
60869380,559042,5,595581,1767225600,445.35,-1,-1,,,,,out of pairing
60869406,559042,5,616315,1767225600,1519.51,-1,-1,,,,,out of pairing
60869500,559042,5,642329,1767225600,53.61,-1,-1,,,,,out of pairing
60869616,559042,5,503701,1767225600,332.83,-1,-1,,,,,out of pairing
60869618,559042,5,644226,1767225600,581.01,-1,-1,,,,,out of pairing
60869619,559042,5,473173,1767225600,94.34,-1,-1,,,,,out of pairing
60869621,559042,5,575030,1767225600,3332.37,-1,-1,,,,,out of pairing
62211915,561312,5,630626,1767225600,2960.76,-1,-1,,,,,out of pairing
62212050,561312,5,520660,1767225600,3065.84,-1,-1,,,,,out of pairing
62212081,561312,5,536346,1767225600,2471.69,-1,-1,,,,,out of pairing
62212151,561312,5,523927,1767225600,614.91,-1,-1,,,,,out of pairing
62212154,561312,5,537281,1767225600,199.56,-1,-1,,,,,out of pairing
62212157,561312,5,466907,1767225600,486.68,-1,-1,,,,,out of pairing
62212160,561312,5,621924,1767225600,1104.68,-1,-1,,,,,out of pairing
62212165,561312,5,595298,1767225600,5233.36,-1,-1,,,,,out of pairing
62212179,561312,5,503701,1767225600,2039.21,-1,-1,,,,,out of pairing
62212180,561312,5,644226,1767225600,1603.26,-1,-1,,,,,out of pairing
62212181,561312,5,632961,1767225600,65.17,-1,-1,,,,,out of pairing
62212182,561312,5,595581,1767225600,616.2,-1,-1,,,,,out of pairing
62212183,561312,5,473173,1767225600,1158.45,-1,-1,,,,,out of pairing
62212187,561312,5,580426,1767225600,673.95,-1,-1,,,,,out of pairing
62212192,561312,5,620120,1767225600,3185.18,-1,-1,,,,,out of pairing
62212193,561312,5,575030,1767225600,1448.68,-1,-1,,,,,out of pairing
62212200,561312,5,459381,1767225600,229.02,-1,-1,,,,,out of pairing
62212206,561312,5,527449,1767225600,47.8,-1,-1,,,,,out of pairing
62212214,561312,5,567195,1767225600,742.9,-1,-1,,,,,out of pairing
62212244,561312,5,616315,1767225600,675.31,-1,-1,,,,,out of pairing
65334652,566386,5,473173,1767225600,3034.09,-1,-1,,,,,out of pairing
65334653,566386,5,632961,1767225600,332.0,-1,-1,,,,,out of pairing
65334654,566386,5,571970,1767225600,102.57,-1,-1,,,,,out of pairing
65334655,566386,5,503701,1767225600,1561.79,-1,-1,,,,,out of pairing
65334656,566386,5,642329,1767225600,1209.13,-1,-1,,,,,out of pairing
65334658,566386,5,575030,1767225600,3749.04,-1,-1,,,,,out of pairing
65334677,566386,5,595581,1767225600,1746.37,-1,-1,,,,,out of pairing
65334749,566386,5,580426,1767225600,387.37,-1,-1,,,,,out of pairing
65334750,566386,5,523927,1767225600,900.78,-1,-1,,,,,out of pairing
65334751,566386,5,537281,1767225600,208.77,-1,-1,,,,,out of pairing
65334843,566386,5,589943,1767225600,1293.01,-1,-1,,,,,out of pairing
65334849,566386,5,466907,1767225600,566.85,-1,-1,,,,,out of pairing
65334850,566386,5,459381,1767225600,761.03,-1,-1,,,,,out of pairing
65334851,566386,5,527449,1767225600,212.13,-1,-1,,,,,out of pairing
65334852,566386,5,567195,1767225600,705.22,-1,-1,,,,,out of pairing
65334853,566386,5,630626,1767225600,3582.48,-1,-1,,,,,out of pairing
65334856,566386,5,595298,1767225600,2624.77,-1,-1,,,,,out of pairing
66413767,568093,5,503701,1767225600,1230.07,-1,-1,,,,,out of pairing
66413768,568093,5,632961,1767225600,55.9,-1,-1,,,,,out of pairing
66413769,568093,5,473173,1767225600,1626.36,-1,-1,,,,,out of pairing
66413770,568093,5,620120,1767225600,2087.31,-1,-1,,,,,out of pairing
66413773,568093,5,621924,1767225600,1770.99,-1,-1,,,,,out of pairing
66413788,568093,5,616315,1767225600,4470.49,-1,-1,,,,,out of pairing
66413791,568093,5,580426,1767225600,276.35,-1,-1,,,,,out of pairing
66413806,568093,5,527449,1767225600,423.63,-1,-1,,,,,out of pairing
66413807,568093,5,459381,1767225600,1351.29,-1,-1,,,,,out of pairing
66413808,568093,5,595298,1767225600,6929.54,-1,-1,,,,,out of pairing
66413809,568093,5,466907,1767225600,462.8,-1,-1,,,,,out of pairing
66413810,568093,5,589943,1767225600,2057.6,-1,-1,,,,,out of pairing
66413811,568093,5,577992,1767225600,5152.55,-1,-1,,,,,out of pairing
66413813,568093,5,595581,1767225600,3047.35,-1,-1,,,,,out of pairing
69175864,572500,5,616315,1767225600,822.21,-1,-1,,,,,out of pairing
69175865,572500,5,595581,1767225600,1343.19,-1,-1,,,,,out of pairing
69175866,572500,5,537281,1767225600,46.96,-1,-1,,,,,out of pairing
69175867,572500,5,577992,1767225600,2294.22,-1,-1,,,,,out of pairing
69175868,572500,5,589943,1767225600,4768.16,-1,-1,,,,,out of pairing
69175869,572500,5,466907,1767225600,641.58,-1,-1,,,,,out of pairing
69175870,572500,5,595298,1767225600,740.52,-1,-1,,,,,out of pairing
69175871,572500,5,459381,1767225600,700.53,-1,-1,,,,,out of pairing
69175873,572500,5,527449,1767225600,383.8,-1,-1,,,,,out of pairing
69175874,572500,5,520660,1767225600,5943.88,-1,-1,,,,,out of pairing
69175875,572500,5,536346,1767225600,882.79,-1,-1,,,,,out of pairing
69175876,572500,5,630626,1767225600,5753.58,-1,-1,,,,,out of pairing
69175883,572500,5,567195,1767225600,4629.67,-1,-1,,,,,out of pairing
69175885,572500,5,642329,1767225600,1681.2,-1,-1,,,,,out of pairing
69175886,572500,5,644226,1767225600,840.7,-1,-1,,,,,out of pairing
69175896,572500,5,503701,1767225600,3911.79,-1,-1,,,,,out of pairing
69175904,572500,5,620120,1767225600,9152.25,-1,-1,,,,,out of pairing
69175905,572500,5,473173,1767225600,738.61,-1,-1,,,,,out of pairing
69175906,572500,5,632961,1767225600,292.77,-1,-1,,,,,out of pairing
75363909,581406,5,577992,1767225600,16409.9,-1,-1,,,,,out of pairing
75363914,581406,5,523927,1767225600,16649.6,-1,-1,,,,,out of pairing
75363917,581406,5,589943,1767225600,14135.3,-1,-1,,,,,out of pairing
75363918,581406,5,606730,1767225600,2892.18,-1,-1,,,,,out of pairing
75363930,581406,5,621924,1767225600,102287.0,-1,-1,,,,,out of pairing
75363931,581406,5,473173,1767225600,2890.14,-1,-1,,,,,out of pairing
75363932,581406,5,632961,1767225600,1854.82,-1,-1,,,,,out of pairing
75363936,581406,5,644226,1767225600,9322.83,-1,-1,,,,,out of pairing
75363937,581406,5,571970,1767225600,240.44,-1,-1,,,,,out of pairing
75363938,581406,5,503701,1767225600,10693.8,-1,-1,,,,,out of pairing
75363942,581406,5,642329,1767225600,5815.12,-1,-1,,,,,out of pairing
75363943,581406,5,580426,1767225600,9154.27,-1,-1,,,,,out of pairing
75363947,581406,5,595298,1767225600,14994.0,-1,-1,,,,,out of pairing
75363968,581406,5,459381,1767225600,1398.5,-1,-1,,,,,out of pairing
75363969,581406,5,527449,1767225600,134.59,-1,-1,,,,,out of pairing
75363975,581406,5,567195,1767225600,37713.0,-1,-1,,,,,out of pairing
75363984,581406,5,520660,1767225600,23568.0,-1,-1,,,,,out of pairing
75364068,581406,5,536346,1767225600,5277.72,-1,-1,,,,,out of pairing
75364128,581406,5,630626,1767225600,38642.5,-1,-1,,,,,out of pairing
75364145,581406,5,503218,1767225600,4392.75,-1,-1,,,,,out of pairing
76508576,583251,5,503701,1767225600,1178.29,-1,-1,,,,,out of pairing
76508667,583251,5,644226,1767225600,964.76,-1,-1,,,,,out of pairing
76508681,583251,5,473173,1767225600,959.66,-1,-1,,,,,out of pairing
76508721,583251,5,632961,1767225600,211.71,-1,-1,,,,,out of pairing
76508731,583251,5,575030,1767225600,945.98,-1,-1,,,,,out of pairing
76508732,583251,5,621924,1767225600,1083.29,-1,-1,,,,,out of pairing
76508753,583251,5,577992,1767225600,839.05,-1,-1,,,,,out of pairing
76508758,583251,5,537281,1767225600,109.03,-1,-1,,,,,out of pairing
76508787,583251,5,466907,1767225600,150.28,-1,-1,,,,,out of pairing
76508794,583251,5,589943,1767225600,709.47,-1,-1,,,,,out of pairing
76508796,583251,5,595298,1767225600,187.99,-1,-1,,,,,out of pairing
76508830,583251,5,595581,1767225600,304.93,-1,-1,,,,,out of pairing
76508832,583251,5,567195,1767225600,279.6,-1,-1,,,,,out of pairing
76508847,583251,5,580426,1767225600,708.66,-1,-1,,,,,out of pairing
76508850,583251,5,459381,1767225600,409.19,-1,-1,,,,,out of pairing
76508856,583251,5,527449,1767225600,84.87,-1,-1,,,,,out of pairing
76508859,583251,5,536346,1767225600,52.0,-1,-1,,,,,out of pairing
77497239,584811,4,593870,765152806,0.0909091,-1,-1,,,,,out of pairing
77497579,584811,5,575030,1767225600,2023.63,-1,-1,,,,,out of pairing
77497580,584811,5,621924,1767225600,1019.08,-1,-1,,,,,out of pairing
77497586,584811,5,620120,1767225600,846.17,-1,-1,,,,,out of pairing
77497598,584811,5,473173,1767225600,1369.79,-1,-1,,,,,out of pairing
77497599,584811,5,630626,1767225600,4415.45,-1,-1,,,,,out of pairing
77497600,584811,5,536346,1767225600,52.04,-1,-1,,,,,out of pairing
77497601,584811,5,567195,1767225600,2320.74,-1,-1,,,,,out of pairing
77497603,584811,5,527449,1767225600,226.66,-1,-1,,,,,out of pairing
77497604,584811,5,459381,1767225600,349.58,-1,-1,,,,,out of pairing
77497605,584811,5,595298,1767225600,2832.88,-1,-1,,,,,out of pairing
77497608,584811,5,589943,1767225600,826.18,-1,-1,,,,,out of pairing
77497609,584811,5,577992,1767225600,117.42,-1,-1,,,,,out of pairing
77497610,584811,5,537281,1767225600,26.78,-1,-1,,,,,out of pairing
77497611,584811,5,580426,1767225600,278.57,-1,-1,,,,,out of pairing
77497612,584811,5,503701,1767225600,359.34,-1,-1,,,,,out of pairing
77497613,584811,5,571970,1767225600,80.81,-1,-1,,,,,out of pairing
77497614,584811,5,644226,1767225600,1220.01,-1,-1,,,,,out of pairing
77497615,584811,5,466907,1767225600,751.36,-1,-1,,,,,out of pairing
82604336,593266,5,595298,1767225600,1435.56,-1,-1,,,,,out of pairing
82604337,593266,5,466907,1767225600,55.64,-1,-1,,,,,out of pairing
82604338,593266,5,606730,1767225600,577.07,-1,-1,,,,,out of pairing
82604339,593266,5,589943,1767225600,525.15,-1,-1,,,,,out of pairing
82604341,593266,5,523927,1767225600,674.12,-1,-1,,,,,out of pairing
82604342,593266,5,459381,1767225600,363.91,-1,-1,,,,,out of pairing
82604344,593266,5,595581,1767225600,1455.61,-1,-1,,,,,out of pairing
82604345,593266,5,616315,1767225600,628.47,-1,-1,,,,,out of pairing
82604346,593266,5,642329,1767225600,654.83,-1,-1,,,,,out of pairing
82604347,593266,5,503701,1767225600,544.28,-1,-1,,,,,out of pairing
82604348,593266,5,571970,1767225600,24.76,-1,-1,,,,,out of pairing
82604349,593266,5,644226,1767225600,494.84,-1,-1,,,,,out of pairing
82604350,593266,5,580426,1767225600,12.43,-1,-1,,,,,out of pairing
82604351,593266,5,527449,1767225600,397.7,-1,-1,,,,,out of pairing
82604352,593266,5,567195,1767225600,2263.86,-1,-1,,,,,out of pairing
82604353,593266,5,520660,1767225600,1778.48,-1,-1,,,,,out of pairing
82604367,593266,5,630626,1767225600,1966.47,-1,-1,,,,,out of pairing
82604368,593266,5,536346,1767225600,1604.98,-1,-1,,,,,out of pairing
82604443,593266,5,632961,1767225600,224.95,-1,-1,,,,,out of pairing
82604899,593266,5,473173,1767225600,350.13,-1,-1,,,,,out of pairing
82605127,593266,5,621924,1767225600,1129.59,-1,-1,,,,,out of pairing
82605133,593266,5,620120,1767225600,2287.24,-1,-1,,,,,out of pairing
83494252,594766,5,466907,1767225600,720.0,-1,-1,,,,,out of pairing
83494253,594766,5,589943,1767225600,3062.33,-1,-1,,,,,out of pairing
83494274,594766,5,577992,1767225600,1360.45,-1,-1,,,,,out of pairing
83494299,594766,5,527449,1767225600,219.0,-1,-1,,,,,out of pairing
83494301,594766,5,459381,1767225600,755.64,-1,-1,,,,,out of pairing
83494302,594766,5,595298,1767225600,3250.16,-1,-1,,,,,out of pairing
83494305,594766,5,523927,1767225600,1197.38,-1,-1,,,,,out of pairing
83494306,594766,5,580426,1767225600,224.47,-1,-1,,,,,out of pairing
83494313,594766,5,575030,1767225600,6003.4,-1,-1,,,,,out of pairing
83494317,594766,5,621924,1767225600,2124.95,-1,-1,,,,,out of pairing
83494336,594766,5,620120,1767225600,7616.24,-1,-1,,,,,out of pairing
83494339,594766,5,595581,1767225600,3672.06,-1,-1,,,,,out of pairing
83494340,594766,5,616315,1767225600,610.11,-1,-1,,,,,out of pairing
83494341,594766,5,642329,1767225600,2846.18,-1,-1,,,,,out of pairing
83494347,594766,5,571970,1767225600,62.94,-1,-1,,,,,out of pairing
83494348,594766,5,644226,1767225600,835.36,-1,-1,,,,,out of pairing
83494353,594766,5,632961,1767225600,269.76,-1,-1,,,,,out of pairing
83494354,594766,5,473173,1767225600,929.24,-1,-1,,,,,out of pairing
83494364,594766,5,567195,1767225600,9629.26,-1,-1,,,,,out of pairing
83494438,594766,5,630626,1767225600,6016.19,-1,-1,,,,,out of pairing
83494439,594766,5,536346,1767225600,1.96,-1,-1,,,,,out of pairing
83494440,594766,5,520660,1767225600,3274.32,-1,-1,,,,,out of pairing
84013655,595539,5,595581,1767225600,107.22,-1,-1,,,,,out of pairing
84013656,595539,5,616315,1767225600,965.97,-1,-1,,,,,out of pairing
84013657,595539,5,503701,1767225600,482.54,-1,-1,,,,,out of pairing
84013660,595539,5,577992,1767225600,286.98,-1,-1,,,,,out of pairing
84013663,595539,5,473173,1767225600,132.54,-1,-1,,,,,out of pairing
84013664,595539,5,575030,1767225600,412.69,-1,-1,,,,,out of pairing
84013669,595539,5,632961,1767225600,43.28,-1,-1,,,,,out of pairing
84013675,595539,5,630626,1767225600,467.31,-1,-1,,,,,out of pairing
84013678,595539,5,567195,1767225600,94.96,-1,-1,,,,,out of pairing
84013679,595539,5,527449,1767225600,63.67,-1,-1,,,,,out of pairing
84013681,595539,5,459381,1767225600,12.67,-1,-1,,,,,out of pairing
84013682,595539,5,595298,1767225600,927.36,-1,-1,,,,,out of pairing
84013686,595539,5,606730,1767225600,307.02,-1,-1,,,,,out of pairing
84013687,595539,5,589943,1767225600,632.28,-1,-1,,,,,out of pairing
86172731,597992,5,621924,1767225600,49.11,-1,-1,,,,,out of pairing
86172735,597992,5,632961,1767225600,27.92,-1,-1,,,,,out of pairing
86172738,597992,5,642329,1767225600,319.43,-1,-1,,,,,out of pairing
86172756,597992,5,571970,1767225600,60.49,-1,-1,,,,,out of pairing
86172760,597992,5,473173,1767225600,5.4,-1,-1,,,,,out of pairing
86172770,597992,5,595581,1767225600,381.18,-1,-1,,,,,out of pairing
86172785,597992,5,630626,1767225600,1417.32,-1,-1,,,,,out of pairing
86172789,597992,5,527449,1767225600,138.28,-1,-1,,,,,out of pairing
86172790,597992,5,459381,1767225600,335.92,-1,-1,,,,,out of pairing
86172828,597992,5,589943,1767225600,111.84,-1,-1,,,,,out of pairing
86172834,597992,5,577992,1767225600,45.06,-1,-1,,,,,out of pairing
86172836,597992,5,580426,1767225600,47.27,-1,-1,,,,,out of pairing
86172850,597992,5,595298,1767225600,181.51,-1,-1,,,,,out of pairing
86172859,597992,5,466907,1767225600,101.37,-1,-1,,,,,out of pairing
86305346,598220,5,575030,1767225600,4828.27,-1,-1,,,,,out of pairing
86305349,598220,5,620120,1767225600,8829.89,-1,-1,,,,,out of pairing
86305352,598220,5,473173,1767225600,2647.0,-1,-1,,,,,out of pairing
86305479,598220,5,632961,1767225600,22.73,-1,-1,,,,,out of pairing
86305579,598220,5,520660,1767225600,3406.7,-1,-1,,,,,out of pairing
86305588,598220,5,536346,1767225600,1935.15,-1,-1,,,,,out of pairing
86305598,598220,5,630626,1767225600,4390.39,-1,-1,,,,,out of pairing
86305602,598220,5,644226,1767225600,1415.18,-1,-1,,,,,out of pairing
86305603,598220,5,503701,1767225600,4215.12,-1,-1,,,,,out of pairing
86305604,598220,5,642329,1767225600,1014.06,-1,-1,,,,,out of pairing
86305607,598220,5,616315,1767225600,815.23,-1,-1,,,,,out of pairing
86305608,598220,5,580426,1767225600,712.45,-1,-1,,,,,out of pairing
86305609,598220,5,523927,1767225600,2117.65,-1,-1,,,,,out of pairing
86305611,598220,5,577992,1767225600,2147.78,-1,-1,,,,,out of pairing
86305615,598220,5,589943,1767225600,47.12,-1,-1,,,,,out of pairing
86305617,598220,5,466907,1767225600,398.32,-1,-1,,,,,out of pairing
86305618,598220,5,595298,1767225600,3795.09,-1,-1,,,,,out of pairing
86305621,598220,5,459381,1767225600,6.69,-1,-1,,,,,out of pairing
86305622,598220,5,527449,1767225600,74.22,-1,-1,,,,,out of pairing
87109607,599441,5,621924,1767225600,107.62,-1,-1,,,,,out of pairing
87109609,599441,5,595298,1767225600,876.96,-1,-1,,,,,out of pairing
87109611,599441,5,567195,1767225600,61.38,-1,-1,,,,,out of pairing
87109613,599441,5,537281,1767225600,41.42,-1,-1,,,,,out of pairing
87109614,599441,5,589943,1767225600,149.8,-1,-1,,,,,out of pairing
87109616,599441,5,466907,1767225600,0.17,-1,-1,,,,,out of pairing
87109618,599441,5,459381,1767225600,173.66,-1,-1,,,,,out of pairing
87109622,599441,5,527449,1767225600,20.01,-1,-1,,,,,out of pairing
87109625,599441,5,523927,1767225600,440.57,-1,-1,,,,,out of pairing
87109630,599441,5,620120,1767225600,465.15,-1,-1,,,,,out of pairing
87109631,599441,5,580426,1767225600,63.91,-1,-1,,,,,out of pairing
87109633,599441,5,632961,1767225600,38.91,-1,-1,,,,,out of pairing
87109635,599441,5,473173,1767225600,166.02,-1,-1,,,,,out of pairing
87109638,599441,5,503701,1767225600,305.08,-1,-1,,,,,out of pairing
87109639,599441,5,616315,1767225600,277.77,-1,-1,,,,,out of pairing
87109640,599441,5,595581,1767225600,68.27,-1,-1,,,,,out of pairing
87109642,599441,5,571970,1767225600,19.66,-1,-1,,,,,out of pairing
87675545,600329,5,536346,1767225600,818.16,-1,-1,,,,,out of pairing
87675547,600329,5,567195,1767225600,1794.85,-1,-1,,,,,out of pairing
87675549,600329,5,527449,1767225600,202.22,-1,-1,,,,,out of pairing
87675550,600329,5,459381,1767225600,2659.27,-1,-1,,,,,out of pairing
87675552,600329,5,595298,1767225600,1799.63,-1,-1,,,,,out of pairing
87675556,600329,5,466907,1767225600,782.38,-1,-1,,,,,out of pairing
87675557,600329,5,589943,1767225600,1491.5,-1,-1,,,,,out of pairing
87675558,600329,5,577992,1767225600,5908.09,-1,-1,,,,,out of pairing
87675559,600329,5,537281,1767225600,1606.74,-1,-1,,,,,out of pairing
87675560,600329,5,523927,1767225600,253.78,-1,-1,,,,,out of pairing
87675561,600329,5,580426,1767225600,1198.28,-1,-1,,,,,out of pairing
87675562,600329,5,595581,1767225600,33.4,-1,-1,,,,,out of pairing
87675668,600329,5,616315,1767225600,3768.55,-1,-1,,,,,out of pairing
87675694,600329,5,642329,1767225600,1290.13,-1,-1,,,,,out of pairing
87675826,600329,5,503701,1767225600,1545.94,-1,-1,,,,,out of pairing
87675827,600329,5,644226,1767225600,1609.31,-1,-1,,,,,out of pairing
87675828,600329,5,632961,1767225600,1701.55,-1,-1,,,,,out of pairing
87675829,600329,5,473173,1767225600,1711.93,-1,-1,,,,,out of pairing
87675833,600329,5,620120,1767225600,565.86,-1,-1,,,,,out of pairing
87675834,600329,5,575030,1767225600,2195.62,-1,-1,,,,,out of pairing
87675847,600329,5,621924,1767225600,9106.92,-1,-1,,,,,out of pairing
95067655,612378,5,630626,1767225600,2867.24,-1,-1,,,,,out of pairing
95067656,612378,5,527449,1767225600,80.73,-1,-1,,,,,out of pairing
95067657,612378,5,459381,1767225600,514.36,-1,-1,,,,,out of pairing
95067658,612378,5,595298,1767225600,2271.1,-1,-1,,,,,out of pairing
95067659,612378,5,466907,1767225600,516.16,-1,-1,,,,,out of pairing
95067671,612378,5,606730,1767225600,165.39,-1,-1,,,,,out of pairing
95067682,612378,5,589943,1767225600,581.78,-1,-1,,,,,out of pairing
95067702,612378,5,473173,1767225600,2967.6,-1,-1,,,,,out of pairing
95067703,612378,5,503701,1767225600,1692.54,-1,-1,,,,,out of pairing
95067704,612378,5,577992,1767225600,127.97,-1,-1,,,,,out of pairing
95067708,612378,5,537281,1767225600,525.71,-1,-1,,,,,out of pairing
95067709,612378,5,523927,1767225600,149.58,-1,-1,,,,,out of pairing
95067710,612378,5,580426,1767225600,89.05,-1,-1,,,,,out of pairing
95067711,612378,5,632961,1767225600,517.39,-1,-1,,,,,out of pairing
95067713,612378,5,595581,1767225600,454.64,-1,-1,,,,,out of pairing
95067714,612378,5,616315,1767225600,408.38,-1,-1,,,,,out of pairing
95067718,612378,5,642329,1767225600,345.3,-1,-1,,,,,out of pairing
97056014,615605,5,503701,1767225600,2528.76,-1,-1,,,,,out of pairing
97056015,615605,5,632961,1767225600,380.74,-1,-1,,,,,out of pairing
97056018,615605,5,473173,1767225600,1566.8,-1,-1,,,,,out of pairing
97056019,615605,5,620120,1767225600,1143.99,-1,-1,,,,,out of pairing
97056020,615605,5,575030,1767225600,4185.24,-1,-1,,,,,out of pairing
97056021,615605,5,642329,1767225600,1035.2,-1,-1,,,,,out of pairing
97056022,615605,5,621924,1767225600,34.21,-1,-1,,,,,out of pairing
97056023,615605,5,616315,1767225600,119.89,-1,-1,,,,,out of pairing
97056024,615605,5,595581,1767225600,766.02,-1,-1,,,,,out of pairing
97056025,615605,5,580426,1767225600,100.49,-1,-1,,,,,out of pairing
97056029,615605,5,537281,1767225600,593.23,-1,-1,,,,,out of pairing
97056030,615605,5,589943,1767225600,315.42,-1,-1,,,,,out of pairing
97056031,615605,5,595298,1767225600,36.91,-1,-1,,,,,out of pairing
97056032,615605,5,459381,1767225600,248.26,-1,-1,,,,,out of pairing
97056034,615605,5,527449,1767225600,238.43,-1,-1,,,,,out of pairing
97056037,615605,5,567195,1767225600,1494.73,-1,-1,,,,,out of pairing
97056038,615605,5,630626,1767225600,3205.39,-1,-1,,,,,out of pairing
97056042,615605,5,523927,1767225600,2158.66,-1,-1,,,,,out of pairing
100218464,620120,5,595539,1767225600,248.19,-1,-1,,,,,out of pairing
100218759,620120,5,559042,1767225600,729.06,-1,-1,,,,,out of pairing
100218901,620120,5,566386,1767225600,839.75,-1,-1,,,,,out of pairing
100221410,620120,5,648781,1767225600,23.34,-1,-1,,,,,out of pairing
100222293,620120,5,459811,1767225600,505.28,-1,-1,,,,,out of pairing
100226177,620120,5,597992,1767225600,153.91,-1,-1,,,,,out of pairing
100227843,620120,5,612378,1767225600,700.74,-1,-1,,,,,out of pairing
100232795,620120,5,583251,1767225600,617.48,-1,-1,,,,,out of pairing
100235466,620120,5,479204,1767225600,6977.78,-1,-1,,,,,out of pairing
100235471,620120,5,545850,1767225600,390.75,-1,-1,,,,,out of pairing
100235504,620120,5,655636,1767225600,2158.13,-1,-1,,,,,out of pairing
100235535,620120,5,638752,1767225600,839.59,-1,-1,,,,,out of pairing
100235537,620120,5,476124,1767225600,726.54,-1,-1,,,,,out of pairing
100236041,620120,5,463038,1767225600,495.0,-1,-1,,,,,out of pairing
100237502,620120,5,581406,1767225600,241674.0,-1,-1,,,,,out of pairing
100237521,620120,5,551810,1767225600,20285.1,-1,-1,,,,,out of pairing
105976183,629627,5,575030,1767225600,1576.9,-1,-1,,,,,out of pairing
105976184,629627,5,620120,1767225600,822.54,-1,-1,,,,,out of pairing
105976187,629627,5,473173,1767225600,854.79,-1,-1,,,,,out of pairing
105976191,629627,5,503701,1767225600,1001.63,-1,-1,,,,,out of pairing
105976193,629627,5,642329,1767225600,372.04,-1,-1,,,,,out of pairing
105976194,629627,5,595581,1767225600,54.06,-1,-1,,,,,out of pairing
105976195,629627,5,580426,1767225600,79.87,-1,-1,,,,,out of pairing
105976196,629627,5,523927,1767225600,485.15,-1,-1,,,,,out of pairing
105976197,629627,5,571970,1767225600,41.97,-1,-1,,,,,out of pairing
105976218,629627,5,537281,1767225600,40.21,-1,-1,,,,,out of pairing
105976238,629627,5,589943,1767225600,554.9,-1,-1,,,,,out of pairing
105976239,629627,5,595298,1767225600,701.57,-1,-1,,,,,out of pairing
105976240,629627,5,459381,1767225600,331.29,-1,-1,,,,,out of pairing
105976242,629627,5,527449,1767225600,208.98,-1,-1,,,,,out of pairing
105976243,629627,5,567195,1767225600,698.93,-1,-1,,,,,out of pairing
108808709,634283,5,536346,1767225600,188.58,-1,-1,,,,,out of pairing
108808712,634283,5,567195,1767225600,1451.99,-1,-1,,,,,out of pairing
108808728,634283,5,520660,1767225600,2010.74,-1,-1,,,,,out of pairing
108808742,634283,5,640784,1767225600,1037.31,-1,-1,,,,,out of pairing
108808777,634283,5,630626,1767225600,4668.39,-1,-1,,,,,out of pairing
108808819,634283,5,589943,1767225600,4017.23,-1,-1,,,,,out of pairing
108808883,634283,5,606730,1767225600,1146.38,-1,-1,,,,,out of pairing
108808884,634283,5,466907,1767225600,721.46,-1,-1,,,,,out of pairing
108808886,634283,5,595298,1767225600,3019.1,-1,-1,,,,,out of pairing
108808890,634283,5,459381,1767225600,512.21,-1,-1,,,,,out of pairing
108808894,634283,5,527449,1767225600,322.38,-1,-1,,,,,out of pairing
108808899,634283,5,577992,1767225600,1950.9,-1,-1,,,,,out of pairing
108809122,634283,5,616315,1767225600,421.28,-1,-1,,,,,out of pairing
108809128,634283,5,642329,1767225600,365.76,-1,-1,,,,,out of pairing
108809132,634283,5,503701,1767225600,2911.33,-1,-1,,,,,out of pairing
108809177,634283,5,571970,1767225600,18.2,-1,-1,,,,,out of pairing
108809178,634283,5,632961,1767225600,276.63,-1,-1,,,,,out of pairing
108809206,634283,5,621924,1767225600,3398.58,-1,-1,,,,,out of pairing
108809222,634283,5,644226,1767225600,2100.58,-1,-1,,,,,out of pairing
108809229,634283,5,575030,1767225600,5314.56,-1,-1,,,,,out of pairing
108809240,634283,5,595581,1767225600,3284.7,-1,-1,,,,,out of pairing
108809273,634283,5,580426,1767225600,1010.4,-1,-1,,,,,out of pairing
108809341,634283,5,473173,1767225600,329.89,-1,-1,,,,,out of pairing
108809344,634283,5,620120,1767225600,5598.86,-1,-1,,,,,out of pairing
110532624,636990,5,567195,1767225600,1657.02,-1,-1,,,,,out of pairing
110532634,636990,5,459381,1767225600,1732.24,-1,-1,,,,,out of pairing
110532635,636990,5,595298,1767225600,4943.02,-1,-1,,,,,out of pairing
110532663,636990,5,527449,1767225600,290.22,-1,-1,,,,,out of pairing
110532750,636990,5,575030,1767225600,7442.07,-1,-1,,,,,out of pairing
110532753,636990,5,621924,1767225600,3622.34,-1,-1,,,,,out of pairing
110532770,636990,5,571970,1767225600,884.38,-1,-1,,,,,out of pairing
110532771,636990,5,473173,1767225600,3097.64,-1,-1,,,,,out of pairing
110532779,636990,5,620120,1767225600,800.26,-1,-1,,,,,out of pairing
110532839,636990,5,537281,1767225600,1815.04,-1,-1,,,,,out of pairing
110532841,636990,5,523927,1767225600,6877.12,-1,-1,,,,,out of pairing
110532846,636990,5,589943,1767225600,3238.15,-1,-1,,,,,out of pairing
110532864,636990,5,466907,1767225600,1478.48,-1,-1,,,,,out of pairing
110532869,636990,5,595581,1767225600,1935.71,-1,-1,,,,,out of pairing
110532870,636990,5,616315,1767225600,3201.11,-1,-1,,,,,out of pairing
110532878,636990,5,642329,1767225600,427.15,-1,-1,,,,,out of pairing
110532907,636990,5,503701,1767225600,4939.21,-1,-1,,,,,out of pairing
111565142,638752,5,577992,1767225600,1758.1,-1,-1,,,,,out of pairing
111565143,638752,5,523927,1767225600,1314.73,-1,-1,,,,,out of pairing
111565145,638752,5,616315,1767225600,48.73,-1,-1,,,,,out of pairing
111565147,638752,5,503701,1767225600,1810.71,-1,-1,,,,,out of pairing
111565148,638752,5,571970,1767225600,55.14,-1,-1,,,,,out of pairing
111565149,638752,5,644226,1767225600,985.16,-1,-1,,,,,out of pairing
111565150,638752,5,632961,1767225600,329.71,-1,-1,,,,,out of pairing
111565151,638752,5,473173,1767225600,1852.31,-1,-1,,,,,out of pairing
111565154,638752,5,621924,1767225600,294.01,-1,-1,,,,,out of pairing
111565459,638752,5,466907,1767225600,505.38,-1,-1,,,,,out of pairing
111565689,638752,5,595298,1767225600,2309.44,-1,-1,,,,,out of pairing
111565767,638752,5,630626,1767225600,2183.25,-1,-1,,,,,out of pairing
111565769,638752,5,536346,1767225600,813.05,-1,-1,,,,,out of pairing
111565770,638752,5,567195,1767225600,5387.54,-1,-1,,,,,out of pairing
111565772,638752,5,527449,1767225600,370.5,-1,-1,,,,,out of pairing
111565773,638752,5,459381,1767225600,244.71,-1,-1,,,,,out of pairing
116491289,645393,5,503701,1767225600,226.09,-1,-1,,,,,out of pairing
116491295,645393,5,616315,1767225600,120.24,-1,-1,,,,,out of pairing
116491299,645393,5,595581,1767225600,2403.77,-1,-1,,,,,out of pairing
116491320,645393,5,473173,1767225600,305.14,-1,-1,,,,,out of pairing
116491322,645393,5,632961,1767225600,502.0,-1,-1,,,,,out of pairing
116491333,645393,5,575030,1767225600,3113.11,-1,-1,,,,,out of pairing
116491370,645393,5,620120,1767225600,6019.12,-1,-1,,,,,out of pairing
116491487,645393,5,459381,1767225600,543.69,-1,-1,,,,,out of pairing
116491498,645393,5,527449,1767225600,11.95,-1,-1,,,,,out of pairing
116491502,645393,5,567195,1767225600,5295.19,-1,-1,,,,,out of pairing
116491507,645393,5,580426,1767225600,609.48,-1,-1,,,,,out of pairing
116491512,645393,5,523927,1767225600,3356.55,-1,-1,,,,,out of pairing
116491516,645393,5,537281,1767225600,527.54,-1,-1,,,,,out of pairing
116491521,645393,5,466907,1767225600,943.16,-1,-1,,,,,out of pairing
116491522,645393,5,595298,1767225600,2413.87,-1,-1,,,,,out of pairing
116491552,645393,5,630626,1767225600,4388.66,-1,-1,,,,,out of pairing
118535044,648781,5,527449,1767225600,115.83,-1,-1,,,,,out of pairing
118535052,648781,5,459381,1767225600,193.7,-1,-1,,,,,out of pairing
118535061,648781,5,595298,1767225600,721.68,-1,-1,,,,,out of pairing
118535085,648781,5,630626,1767225600,979.4,-1,-1,,,,,out of pairing
118535087,648781,5,567195,1767225600,475.85,-1,-1,,,,,out of pairing
118535092,648781,5,503701,1767225600,735.9,-1,-1,,,,,out of pairing
118535095,648781,5,571970,1767225600,35.97,-1,-1,,,,,out of pairing
118535096,648781,5,473173,1767225600,275.87,-1,-1,,,,,out of pairing
118535098,648781,5,575030,1767225600,2103.16,-1,-1,,,,,out of pairing
118535109,648781,5,621924,1767225600,2608.73,-1,-1,,,,,out of pairing
118535120,648781,5,589943,1767225600,143.24,-1,-1,,,,,out of pairing
118535122,648781,5,577992,1767225600,967.79,-1,-1,,,,,out of pairing
118535129,648781,5,642329,1767225600,782.9,-1,-1,,,,,out of pairing
120475922,652002,5,527449,1767225600,55.71,-1,-1,,,,,out of pairing
120475950,652002,5,459381,1767225600,259.31,-1,-1,,,,,out of pairing
120475951,652002,5,595298,1767225600,321.46,-1,-1,,,,,out of pairing
120475965,652002,5,621924,1767225600,291.61,-1,-1,,,,,out of pairing
120475966,652002,5,620120,1767225600,251.01,-1,-1,,,,,out of pairing
120475967,652002,5,473173,1767225600,62.22,-1,-1,,,,,out of pairing
120475968,652002,5,632961,1767225600,113.75,-1,-1,,,,,out of pairing
120475970,652002,5,503701,1767225600,249.61,-1,-1,,,,,out of pairing
120475971,652002,5,595581,1767225600,273.63,-1,-1,,,,,out of pairing
120475972,652002,5,580426,1767225600,172.98,-1,-1,,,,,out of pairing
120475974,652002,5,577992,1767225600,745.33,-1,-1,,,,,out of pairing
120475975,652002,5,606730,1767225600,181.8,-1,-1,,,,,out of pairing
120475978,652002,5,466907,1767225600,35.99,-1,-1,,,,,out of pairing
120476740,652002,5,567195,1767225600,1126.7,-1,-1,,,,,out of pairing
120476986,652002,5,630626,1767225600,98.77,-1,-1,,,,,out of pairing
122646034,655636,5,621924,1767225600,4399.77,-1,-1,,,,,out of pairing
122646139,655636,5,527449,1767225600,1076.41,-1,-1,,,,,out of pairing
122646158,655636,5,459381,1767225600,569.05,-1,-1,,,,,out of pairing
122646239,655636,5,523927,1767225600,1091.13,-1,-1,,,,,out of pairing
122646256,655636,5,466907,1767225600,1843.69,-1,-1,,,,,out of pairing
122646305,655636,5,595298,1767225600,4861.25,-1,-1,,,,,out of pairing
122646687,655636,5,503701,1767225600,7507.84,-1,-1,,,,,out of pairing
122646706,655636,5,595581,1767225600,264.13,-1,-1,,,,,out of pairing
122646711,655636,5,473173,1767225600,6436.83,-1,-1,,,,,out of pairing
122646774,655636,5,580426,1767225600,723.86,-1,-1,,,,,out of pairing
122646819,655636,5,575030,1767225600,23282.1,-1,-1,,,,,out of pairing
0,568093,6,625756,1754893606,3.0,0,3,33.0,-41.0,-25.0,-111.0,out of pairing
1,568093,6,625756,1754893606,3.0,0,3,33.0,-41.0,-25.0,-111.0,out of pairing
2,568093,6,625756,1754893606,3.0,0,3,33.0,-41.0,-25.0,-111.0,out of pairing
3,568093,6,625756,1754893606,3.0,0,3,33.0,-41.0,-25.0,-111.0,out of pairing
4,568093,6,625756,1754893606,3.0,0,3,33.0,-41.0,-25.0,-111.0,out of pairing
5,568093,6,499467,1756103206,4.0,3,2,-25.0,-111.0,-22.0,91.0,out of pairing
6,568093,6,499467,1756103206,4.0,3,2,-25.0,-111.0,-22.0,91.0,out of pairing
7,568093,6,499467,1756103206,4.0,3,2,-25.0,-111.0,-22.0,91.0,out of pairing
8,568093,6,499467,1756103206,4.0,3,2,-25.0,-111.0,-22.0,91.0,out of pairing
9,568093,6,499467,1756103206,4.0,3,2,-25.0,-111.0,-22.0,91.0,out of pairing
10,568093,6,561157,1758868006,2.0,2,0,-22.0,91.0,33.0,-41.0,out of pairing
11,568093,6,561157,1758868006,2.0,2,0,-22.0,91.0,33.0,-41.0,out of pairing
12,568093,6,561157,1758868006,2.0,2,0,-22.0,91.0,33.0,-41.0,out of pairing
13,568093,6,561157,1758868006,2.0,2,0,-22.0,91.0,33.0,-41.0,out of pairing
14,568093,6,561157,1758868006,2.0,2,0,-22.0,91.0,33.0,-41.0,out of pairing
15,599441,6,625756,1750141606,3.0,4,3,1.0,-165.0,-25.0,-111.0,out of pairing
16,599441,6,625756,1750141606,3.0,4,3,1.0,-165.0,-25.0,-111.0,out of pairing
17,599441,6,625756,1750141606,3.0,4,3,1.0,-165.0,-25.0,-111.0,out of pairing
18,599441,6,625756,1750141606,3.0,4,3,1.0,-165.0,-25.0,-111.0,out of pairing
19,599441,6,625756,1750141606,3.0,4,3,1.0,-165.0,-25.0,-111.0,out of pairing
20,599441,6,657173,1749536806,1.0,3,1,-25.0,-111.0,-29.0,-13.0,out of pairing
21,599441,6,657173,1749536806,1.0,3,1,-25.0,-111.0,-29.0,-13.0,out of pairing
22,599441,6,657173,1749536806,1.0,3,1,-25.0,-111.0,-29.0,-13.0,out of pairing
23,599441,6,657173,1749536806,1.0,3,1,-25.0,-111.0,-29.0,-13.0,out of pairing
24,599441,6,657173,1749536806,1.0,3,1,-25.0,-111.0,-29.0,-13.0,out of pairing
25,599441,6,499467,1752733606,2.0,1,2,-29.0,-13.0,-22.0,91.0,out of pairing
26,599441,6,499467,1752733606,2.0,1,2,-29.0,-13.0,-22.0,91.0,out of pairing
27,599441,6,499467,1752733606,2.0,1,2,-29.0,-13.0,-22.0,91.0,out of pairing
28,599441,6,499467,1752733606,2.0,1,2,-29.0,-13.0,-22.0,91.0,out of pairing
29,599441,6,499467,1752733606,2.0,1,2,-29.0,-13.0,-22.0,91.0,out of pairing
30,599441,6,509607,1751956006,3.0,2,4,-22.0,91.0,1.0,-165.0,out of pairing
31,599441,6,509607,1751956006,3.0,2,4,-22.0,91.0,1.0,-165.0,out of pairing
32,599441,6,509607,1751956006,3.0,2,4,-22.0,91.0,1.0,-165.0,out of pairing
33,599441,6,509607,1751956006,3.0,2,4,-22.0,91.0,1.0,-165.0,out of pairing
34,599441,6,509607,1751956006,3.0,2,4,-22.0,91.0,1.0,-165.0,out of pairing
35,629627,6,625756,1749364006,1.0,4,3,1.0,-165.0,-25.0,-111.0,out of pairing
36,629627,6,625756,1749364006,1.0,4,3,1.0,-165.0,-25.0,-111.0,out of pairing
37,629627,6,625756,1749364006,1.0,4,3,1.0,-165.0,-25.0,-111.0,out of pairing
38,629627,6,625756,1749364006,1.0,4,3,1.0,-165.0,-25.0,-111.0,out of pairing
39,629627,6,625756,1749364006,1.0,4,3,1.0,-165.0,-25.0,-111.0,out of pairing
40,629627,6,657173,1750314406,2.0,3,1,-25.0,-111.0,-29.0,-13.0,out of pairing
41,629627,6,657173,1750314406,2.0,3,1,-25.0,-111.0,-29.0,-13.0,out of pairing
42,629627,6,657173,1750314406,2.0,3,1,-25.0,-111.0,-29.0,-13.0,out of pairing
43,629627,6,657173,1750314406,2.0,3,1,-25.0,-111.0,-29.0,-13.0,out of pairing
44,629627,6,657173,1750314406,2.0,3,1,-25.0,-111.0,-29.0,-13.0,out of pairing
45,629627,6,499467,1752560806,1.0,1,2,-29.0,-13.0,-22.0,91.0,out of pairing
46,629627,6,499467,1752560806,1.0,1,2,-29.0,-13.0,-22.0,91.0,out of pairing
47,629627,6,499467,1752560806,1.0,1,2,-29.0,-13.0,-22.0,91.0,out of pairing
48,629627,6,499467,1752560806,1.0,1,2,-29.0,-13.0,-22.0,91.0,out of pairing
49,629627,6,499467,1752560806,1.0,1,2,-29.0,-13.0,-22.0,91.0,out of pairing
50,629627,6,509607,1752560806,4.0,2,4,-22.0,91.0,1.0,-165.0,out of pairing
51,629627,6,509607,1752560806,4.0,2,4,-22.0,91.0,1.0,-165.0,out of pairing
52,629627,6,509607,1752560806,4.0,2,4,-22.0,91.0,1.0,-165.0,out of pairing
53,629627,6,499467,1752560806,4.0,1,2,-29.0,-13.0,-22.0,91.0,out of pairing
54,629627,6,499467,1752560806,4.0,1,2,-29.0,-13.0,-22.0,91.0,out of pairing
55,629627,6,509607,1752560806,4.0,2,4,-22.0,91.0,1.0,-165.0,out of pairing
56,629627,6,509607,1752560806,4.0,2,4,-22.0,91.0,1.0,-165.0,out of pairing
