templateID,candidateID,demographicsCosine,travelJaccard,dtwAllEdges,dtwCommunication,glPhone-dir4,glPhone-undir5,glEmail-dir4,glEmail-undir5,glTravel-dir4,glTravel-undir5,glCommunication-dir4,glCommunication-undir5,dtwTravel,graphName
0,477657,0.2201600455541538,,,,0.9311175453162136,0.7397351415110608,0.912540531715801,0.8792078751442786,,,0.7736719346104157,0.9473711294734584,,
0,483784,0.8249234120478846,,,,0.8071150718390947,0.8345522043411802,0.9005647069459061,0.9635709822750212,,,0.8456920574712757,0.9452343550854323,,
0,524153,0.6676610910593566,,,,0.8176747470427814,0.5913446304575072,,,,,0.8136230747548433,0.787671719804471,,
0,530990,0.5414291825282233,,,,0.7371957511568019,0.7003312231879711,1.0,0.9284818501059535,,,0.868597875578401,0.8400721100086862,,
0,549840,0.46427983352788954,,,,0.8554591137382589,0.8141807250062919,0.937933896063458,0.9869468784853275,,,0.8731579977703088,0.95348690437612,,
0,561819,0.40756361978881966,,,,0.7410664228316792,0.8881681023226957,0.8875583614621152,0.9059869142986187,,,0.987053321141584,0.9834131377177252,,
0,573137,0.32317834951988367,,,,0.8161137237102283,0.837684114795192,1.0,0.9235848739783209,,,0.9564479871945276,0.940699076302764,,
0,594308,0.5317861816746504,,,,0.763897919150442,0.6026006775794558,0.9397634079261332,0.942531567772093,,,0.9110339985204564,0.8729192926171211,,
0,619322,0.3237106006100956,,,,0.7537050403316738,0.70480040665512,0.9320200450976458,0.9614169521569458,,,0.8922459551451073,0.9384886401888805,,
0,631903,0.4963796269609802,,,,0.7491726934530331,0.7397617518983524,0.9908426290700874,0.9735532635898468,,,0.8517838643131559,0.8650314951410629,,
2,477657,0.5955872841126758,,,,,,,,,,,,,
2,483784,0.5119716152842093,,,,,,,,,,,,,
2,524153,0.6645891997789357,,,,,,,,,,,,,
2,530990,0.5937477721060452,,,,,,,,,,,,,
2,549840,0.3275876443680218,,,,,,,,,,,,,
2,561819,0.4564473739710322,,,,,,,,,,,,,
2,573137,0.5888936263589114,,,,,,,,,,,,,
2,594308,0.41140585592626155,,,,,,,,,,,,,
2,619322,0.45170325004903245,,,,,,,,,,,,,
2,631903,0.790831856571542,,,,,,,,,,,,,
27,477657,0.6647182210297058,,0.6686668711812965,0.5671822992640934,0.8959168500887967,0.7265331397034025,0.7009401982725125,0.6899991808720555,,,0.9112231956639736,0.8335547287503914,,
27,483784,0.4060760038749686,,0.37977726265637507,0.5538349637593264,0.920793073843552,0.7668951839791913,0.7807627443639382,0.7435231536836185,,,0.9747977962229484,0.8738387446389133,,
27,524153,0.3286742198211159,,0.5717718748968655,0.5950753844824682,0.7995886238850696,0.5186732566579079,,,,,0.9092476787404088,0.6272231031790366,,
27,530990,0.35437505214408543,,0.23513498578149006,0.5671822992640934,0.8201352750385345,0.6224533756114836,0.7973877132016363,0.7751106748482145,,,0.9305068108103428,0.701937927335734,,
27,549840,0.4191710684113188,,0.5717718748968655,0.5671822992640934,0.8981388566042123,0.7601597094719693,0.8974521460928269,0.8271164550320369,,,0.9174098837331452,0.8147527456551777,,
27,561819,0.7604750055820377,,0.5370861555295746,1.0,0.9637513514326688,0.9188441596540048,0.6930589192739842,0.7790872222091508,,,0.9879171171442228,0.9148526479727037,,
27,573137,0.5777037891502653,,0.33968311024337877,0.5950753844824682,0.9548375065814448,0.8827801929602171,0.8950715368261396,0.8151714433493769,,,0.9141912625047456,0.8292718220781021,,
27,594308,0.5242742041707583,,0.7121878533515849,0.5493137863828145,0.8882285312695642,0.572703074566378,0.7819102847473046,0.8014007610786091,,,0.8882285312695642,0.7347078959862577,,
27,619322,0.5913338610038066,,0.76271276980969,0.5671822992640934,0.9109283657572036,0.7049874231150492,0.8369685072812638,0.8259987903079328,,,0.95115426509266,0.8203895252534805,,
27,631903,0.5352262723989171,,0.5415433784741817,0.5671822992640934,0.8403916594163159,0.6343515492119131,0.9171131554006694,0.8477489882312282,,,0.9148755516887018,0.7100230388125197,,
29,477657,0.4163989503340473,,,,,,,,,,,,,
29,483784,0.7548326571712181,,,,,,,,,,,,,
29,524153,0.532724473820404,,,,,,,,,,,,,
29,530990,0.39514677359578565,,,,,,,,,,,,,
29,549840,0.34367832091796513,,,,,,,,,,,,,
29,561819,0.4911052363367058,,,,,,,,,,,,,
29,573137,0.3976022590704875,,,,,,,,,,,,,
29,594308,0.4856646401789452,,,,,,,,,,,,,
29,619322,0.25552813812658437,,,,,,,,,,,,,
29,631903,0.42877127985496993,,,,,,,,,,,,,
31,477657,0.3296144195028211,,,,,,,,,,,,,
31,483784,0.7837741148572948,,,,,,,,,,,,,
31,524153,0.3830890202964701,,,,,,,,,,,,,
31,530990,0.30024166040869055,,,,,,,,,,,,,
31,549840,0.18009954480358237,,,,,,,,,,,,,
31,561819,0.24532072054912035,,,,,,,,,,,,,
31,573137,0.4275168642342841,,,,,,,,,,,,,
31,594308,0.45460032730104827,,,,,,,,,,,,,
31,619322,0.46310111291012057,,,,,,,,,,,,,
31,631903,0.3228150809153233,,,,,,,,,,,,,
33,477657,0.5972552042077048,,,,,,,,,,,,,
33,483784,0.3434442390131691,,,,,,,,,,,,,
33,524153,0.36967072779791876,,,,,,,,,,,,,
33,530990,0.5164593278357559,,,,,,,,,,,,,
33,549840,0.5888641248989628,,,,,,,,,,,,,
33,561819,0.46739264508336464,,,,,,,,,,,,,
33,573137,0.6747246592879584,,,,,,,,,,,,,
33,594308,0.29434708302901985,,,,,,,,,,,,,
33,619322,0.5715860013909875,,,,,,,,,,,,,
33,631903,0.6299666558682303,,,,,,,,,,,,,
34,477657,0.19654418326374223,,0.6084343084444759,0.4789847950772674,0.9535628195205628,0.6905585252610692,0.7765345336686292,0.6579058323460605,,,0.7925805938585142,0.8297738109626585,,
34,483784,0.7759007497061579,,0.44126130406091413,0.4684563710433152,0.9198993143707784,0.7694455212668846,0.8031697391119731,0.723673880938748,,,0.8689261507885467,0.8696701353430634,,
34,524153,0.7183895083166902,,0.5047847980156419,0.4892867219323977,0.9043996278155546,0.49172085105635366,,,,,0.78967918119422,0.6534418533068037,,
34,530990,0.44614271323096116,,0.25,0.4789847950772674,0.8925170090101139,0.5707293556735323,0.8395581766410168,0.7361065123076255,,,0.8677132418586018,0.7312803504202108,,
34,549840,0.11333000969241214,,0.4651302547095317,0.4789847950772674,0.9303982906946658,0.6826663021419223,0.9174718385283094,0.8072208936008125,,,0.832955897667198,0.8139509956686205,,
34,561819,0.12789949091503056,,0.45202535667473687,0.9592702962392207,0.9083558173422579,0.846601184546727,0.7801300190480656,0.7456013403525202,,,0.9755615512912688,0.9420468197850936,,
34,573137,0.35916987877001916,,0.356936753716742,0.4892867219323977,0.9360590593735628,0.7932625290654908,0.984766960877282,0.7565364480431497,,,0.8766853287918709,0.8706718762984784,,
34,594308,0.455530200654401,,0.6541288981421136,0.4657870822436334,0.8998853389939709,0.5491778976500531,0.8372962140955685,0.7747350214669931,,,0.8062296883754277,0.7568174040162692,,
34,619322,0.3601215247795977,,0.7451767988460601,0.4789847950772674,0.8924890932545291,0.655829660908458,0.8912027492989119,0.8096038774812597,,,0.8808662925252888,0.8269020091125258,,
34,631903,0.22318213138129583,,0.45202535667473687,0.4789847950772674,0.8762528408960121,0.6083115205508061,0.9498619302003176,0.8260223391881845,,,0.8116891057113227,0.7121769831959776,,
35,477657,0.285966865889724,,,,,,,,,,,,,
35,483784,0.47243439523076547,,,,,,,,,,,,,
35,524153,0.6601034854582014,,,,,,,,,,,,,
35,530990,0.5623518144810091,,,,,,,,,,,,,
35,549840,0.5591693717308059,,,,,,,,,,,,,
35,561819,0.3969293451785626,,,,,,,,,,,,,
35,573137,0.3421406436201634,,,,,,,,,,,,,
35,594308,0.4287329122760164,,,,,,,,,,,,,
35,619322,0.33521510186223574,,,,,,,,,,,,,
35,631903,0.2859034545847363,,,,,,,,,,,,,
36,477657,0.46032824887119894,,,,,,,,,,,,,
36,483784,0.7661217793487557,,,,,,,,,,,,,
36,524153,0.4337473423453696,,,,,,,,,,,,,
36,530990,0.30388819370794773,,,,,,,,,,,,,
36,549840,0.25145915950157327,,,,,,,,,,,,,
36,561819,0.36637657126095147,,,,,,,,,,,,,
36,573137,0.4074121555116398,,,,,,,,,,,,,
36,594308,0.49993689755818277,,,,,,,,,,,,,
36,619322,0.5450992189452548,,,,,,,,,,,,,
36,631903,0.5319435292282874,,,,,,,,,,,,,
37,477657,0.3786606507089211,,0.5459642140991688,0.4178080791732537,0.8315271271197413,0.8945233522788999,0.7667367051894312,0.5462898226177347,,,0.8118719586170444,0.8509451683238295,,
37,483784,0.7544912688189327,,0.46770717334674267,0.39002525655158476,0.8712099513589234,0.9677578426318123,0.8180512842658164,0.6494863409999848,,,0.8745122602984382,0.8974210828087253,,
37,524153,0.3796041963693402,,0.43852900965351466,0.4382008102738836,0.8265821785038453,0.6613273499572808,,,,,0.7780251884849221,0.7538445005167477,,
37,530990,0.28619221971570785,,0.3466876226407683,0.4178080791732537,0.7975283124205408,0.7509715304238673,0.7970197536897818,0.6712793514390295,,,0.8012777881164568,0.7761848367585591,,
37,549840,0.26953005154965926,,0.41312598190270844,0.4178080791732537,0.8030397227754564,0.8053148518445432,0.9280970322955592,0.759414790008914,,,0.8257659086090576,0.8370875440758521,,
37,561819,0.26084778361514926,,0.3765991543762719,0.9208041590109538,0.9335034617704672,0.9431626698548147,0.8046062103554102,0.6624580767081538,,,0.9002551926557009,0.9523121192414508,,
37,573137,0.5243141147109761,,0.356936753716742,0.4382008102738836,0.8964392608813516,0.8787397188854604,0.909751474360572,0.716603106674304,,,0.8177330991511789,0.892974962427834,,
37,594308,0.40298525642625216,,0.6201736729460423,0.3868151175459598,0.8681886983881231,0.7492349240971322,0.8523691367129766,0.7104280942026799,,,0.8096058976717333,0.8114558585335293,,
37,619322,0.5444586502806529,,0.6504436355879909,0.4178080791732537,0.8207893310790706,0.8383150903074659,0.7964509271356447,0.7500223264427939,,,0.8339665861467859,0.8530648231518523,,
37,631903,0.34431933776979073,,0.3765991543762719,0.4178080791732537,0.7828441366929328,0.7951691735522624,0.960394098280933,0.7818764132157116,,,0.7877240437335411,0.7956933166737492,,
38,477657,0.20244157668699825,,,,,,,,,,,,,
38,483784,0.7633332375798083,,,,,,,,,,,,,
38,524153,0.6150750636626982,,,,,,,,,,,,,
38,530990,0.32651658654972326,,,,,,,,,,,,,
38,549840,0.2162980399619212,,,,,,,,,,,,,
38,561819,0.14403214542199333,,,,,,,,,,,,,
38,573137,0.37406662173853783,,,,,,,,,,,,,
38,594308,0.45214363794567514,,,,,,,,,,,,,
38,619322,0.29743926692243805,,,,,,,,,,,,,
38,631903,0.2203679219801561,,,,,,,,,,,,,
39,477657,0.06895475135198292,0.875,0.45202535667473687,0.2735195926822196,0.9077521836918864,0.5113181786612228,0.912540531715801,0.8792078751442786,0.7940279083381707,0.4070720483663939,0.7805997882401624,0.8681443632624104,0.27565375132425995,Q1-Graph5
39,483784,0.8602062420725591,0.8333333333333334,0.3860549980747064,0.2496880847194611,0.8739154726664992,0.6267056564691988,0.9005647069459061,0.9635709822750212,0.9795595061827872,0.6327754111449517,0.8797798692866621,0.9272508196621727,0.17859152928948988,Q1-Graph5
39,524153,0.6891446729262934,,0.16984155512168936,0.29962570166335334,0.7597884068963474,0.3664752355739381,,,,,0.8490978453579618,0.7189276713572542,,
39,530990,0.4025610122743819,,0.32522181779399545,0.2735195926822196,0.8102328490351153,0.4049482672375746,1.0,0.9284818501059535,,,0.8901348073361194,0.7796370004679469,,
39,549840,0.2900306036985827,,0.33968311024337877,0.2735195926822196,0.8542619213281342,0.5325033039786532,0.937933896063458,0.9869468784853275,,,0.8520197970408747,0.845812955514379,,
39,561819,0.30434686318966797,,0.3022352624134945,0.7339300828985966,0.8376294097148405,0.7923259352635253,0.8875583614621152,0.9059869142986187,,,1.0,0.8935379171920339,,
39,573137,0.21589397851888464,1.0,0.3325310858805881,0.29962570166335334,0.8786206768260717,0.6590544850120172,1.0,0.9235848739783209,0.8574437674096033,0.3378198012323528,0.8970114833675759,0.8170936853586832,0.8564948859631624,Q1-Graph5
39,594308,0.592374613448007,1.0,0.42176369614348674,0.24464336096619885,0.7607215420874279,0.4263079120632489,0.9397634079261332,0.942531567772093,0.8398549608307088,0.34532044429685477,0.8907641822573041,0.7721397958483255,0.17859152928948988,Q1-Graph5
39,619322,0.22729378162378872,1.0,0.45202535667473687,0.2735195926822196,0.8291742063107932,0.5346531582149233,0.9320200450976458,0.9614169521569458,0.7431110630681677,0.3720378067285262,0.9251174603006216,0.8390604084281766,0.2807120402315455,Q1-Graph5
39,631903,0.2590277566216897,,0.31008683647302115,0.2735195926822196,0.8158481365020456,0.45023688116234134,0.9908426290700874,0.9735532635898468,,,0.8505120166898957,0.8035759088851953,,
40,477657,0.3480790797893655,0.875,0.47787590922266066,0.2342281855216576,0.9576099982935428,0.7395542118620079,0.8899980668424647,0.9417111170185681,0.7940279083381707,0.4070720483663939,0.9364149974403144,0.924064174893135,0.2953676120809736,Q1-Graph5
40,483784,0.7262317759673964,0.8333333333333334,0.44667575574372836,0.2058980693513018,0.9323406271058072,0.8941139727184034,0.9037965403190392,0.9771566877466401,0.9795595061827872,0.6327754111449517,0.9537067448618679,0.9602792172292903,0.20084250314467395,Q1-Graph5
40,524153,0.6452802715240642,,0.18344984642633572,0.2496880847194611,0.8840576542539198,0.536499852356134,,,,,0.9364187136231172,0.8104810172015471,,
40,530990,0.3864996839370774,,0.25,0.2342281855216576,0.8059255128220706,0.611029484013836,0.8848233902294382,0.9599265470266739,,,0.9595678151712648,0.8458061135440228,,
40,549840,0.2746425017326612,,0.2685430777647873,0.2342281855216576,0.9292031297305924,0.7625161879180343,0.9761030129546062,1.0,,,0.9292031297305924,0.9290995208697043,,
40,561819,0.13604827909560985,,0.21926450482675733,0.46310240811185854,0.9641469829088896,0.8510155693810946,0.8917679615329991,0.9553521261956706,,,0.9880489943029632,0.9465349382238368,,
40,573137,0.3202354988297975,1.0,0.2640294272643458,0.2496880847194611,0.9553304271356501,0.7243618548419919,1.0,0.9569171862536958,0.8574437674096033,0.3378198012323528,0.98213217085426,0.8925116234301764,0.6957388395317745,Q1-Graph5
40,594308,0.5622763915873293,1.0,0.4357795843701793,0.1934075587729799,0.9147173737102612,0.5722058058395725,0.9242375730730994,0.9795164119689801,0.8398549608307088,0.34532044429685477,0.9652552263264028,0.8665891160844259,0.2077305225074983,Q1-Graph5
40,619322,0.37741939327810764,1.0,0.5257778120958583,0.2342281855216576,0.9033747718783078,0.6913229467183671,0.9718126518705512,0.9793056836295325,0.7431110630681677,0.3720378067285262,0.9658969783099908,0.9102671053338943,0.3000937939682132,Q1-Graph5
40,631903,0.3215579027467621,,0.25476233268253407,0.2342281855216576,0.8605514219991459,0.7110338132823717,0.9670923972084108,0.9986701626276935,,,0.9473778950940174,0.8797852525582166,,
41,477657,0.08286483195530492,0.875,0.5547001962252291,0.5823676842860942,0.8806642226868381,0.8320378762675098,0.8030549512676491,0.8033909189984669,0.7940279083381707,0.4070720483663939,0.7815930113325149,0.8747257967376331,0.27565375132425995,Q1-Graph5
41,483784,0.7931387250111692,0.8333333333333334,0.5717718748968655,0.5538349637593264,0.8358180327793958,0.9042791277951507,0.8243146242847144,0.8732335941809061,0.9795595061827872,0.6327754111449517,0.868919235848066,0.9093413086141832,0.17859152928948988,Q1-Graph5
41,524153,0.7225416302341182,,0.4246038878042235,0.6453362324151886,0.817828226115091,0.5847527443047766,,,,,0.8192188503432201,0.74675099211116,,
41,530990,0.29697109801154387,,0.5459642140991688,0.5823676842860942,0.7083524432771008,0.7168001380667788,0.857715323382477,0.8645946868039655,,,0.8316261528197695,0.7799169262373792,,
41,549840,0.26349796124001396,,0.5944454429259127,0.5823676842860942,0.8278848755346137,0.8531484219168369,0.9356091144910664,0.9252904923187367,,,0.8602830166104511,0.8832234863937061,,
41,561819,0.3895305858179799,,0.5071602690092536,0.8820741821654755,0.8022603017568002,0.9611576469461316,0.8046735217622343,0.8551335379965175,,,0.9400115522183552,0.9456290296024443,,
41,573137,0.15606047565296005,1.0,0.6259607999522999,0.6453362324151886,0.8305890904498174,0.9141090737485618,0.9765058760853259,0.8767378272278764,0.8574437674096033,0.3378198012323528,0.8887202849033115,0.8792687154314874,0.7388952759986074,Q1-Graph5
41,594308,0.5576324822799532,1.0,0.5717718748968655,0.5447550869318748,0.8109171757359186,0.6660731877319649,0.8643566123348849,0.888444308761393,0.8398549608307088,0.34532044429685477,0.8684641222510738,0.8186218118067383,0.17859152928948988,Q1-Graph5
41,619322,0.24810760673785404,1.0,0.5481612620668931,0.5823676842860942,0.7812684838353678,0.781678122645224,0.8993203101906903,0.9060742432365583,0.7431110630681677,0.3720378067285262,0.8700290990905809,0.8723807768207417,0.2807120402315455,Q1-Graph5
41,631903,0.5962711938716634,,0.5095246653650681,0.5823676842860942,0.7534709149856368,0.7719714632239136,0.969068548561408,0.9280991354418606,,,0.8415170167764807,0.8104820679835862,,
42,477657,0.4029069735046921,,,,,,,,,,,,,
42,483784,0.7597417845603053,,,,,,,,,,,,,
42,524153,0.6039120691462344,,,,,,,,,,,,,
42,530990,0.601385491800987,,,,,,,,,,,,,
42,549840,0.26758519304436423,,,,,,,,,,,,,
42,561819,0.24283642786322984,,,,,,,,,,,,,
42,573137,0.5460712596969012,,,,,,,,,,,,,
42,594308,0.6456967922921328,,,,,,,,,,,,,
42,619322,0.29943026391891636,,,,,,,,,,,,,
42,631903,0.5055490167126565,,,,,,,,,,,,,
43,477657,0.07621445221411077,,0.4357795843701793,0.2342281855216576,0.8165217569280349,0.7948853116473961,0.712440051528447,0.7379399257573296,,,0.8419264367379993,0.8124076624189561,,
43,483784,0.7889459497751603,,0.37016108759461847,0.21186736546393453,0.8340106633436399,0.8500084219471901,0.7351340620538972,0.7915999028929191,,,0.8738481041411664,0.8581319530459155,,
43,524153,0.7014295307496665,,0.3022352624134945,0.2496880847194611,0.7559300867696879,0.5583159788556883,,,,,0.7942839302773084,0.6470869229349536,,
43,530990,0.2542865257322239,,0.24514516892273006,0.2342281855216576,0.6909157466013149,0.673702524252965,0.7837937273005924,0.8058185035401578,,,0.8454578733006575,0.697479669821785,,
43,549840,0.2903105769438511,,0.22996655275195,0.2342281855216576,0.7918433061445671,0.7905597108445783,0.8511354144870427,0.8562720013756615,,,0.8375362389421012,0.7990945869859295,,
43,561819,0.3803600480609166,,0.24514516892273006,0.6013285374693789,0.8718737511262942,0.9368093082356825,0.6797436923898258,0.8108812503559409,,,0.933151522326762,0.9220839780559403,,
43,573137,0.14822785921060933,,0.3432032364918221,0.2496880847194611,0.8709050328485259,0.8932447641038317,0.9197144452831904,0.8232940567933846,,,0.8958911555230048,0.8410391605558549,,
43,594308,0.4109036084958383,,0.3432032364918221,0.2058980693513018,0.7938750042486988,0.634084769029703,0.7682355668610581,0.8289847838109045,,,0.8321553606025119,0.7396253948448636,,
43,619322,0.1670464771832223,,0.511878140546391,0.2342281855216576,0.7800998501116145,0.7535712248946987,0.8298961359008075,0.859287864182992,,,0.8622312313952283,0.8108328102424367,,
43,631903,0.5082282286387929,,0.2137126035662776,0.2342281855216576,0.7350903409560998,0.7044417308341147,0.8750808202181201,0.8724030374405807,,,0.8332050294908776,0.711377449704681,,
44,477657,0.7613006103389561,,,,,,,,,,,,,
44,483784,0.08030264709607171,,,,,,,,,,,,,
44,524153,0.41223049226476594,,,,,,,,,,,,,
44,530990,0.6333689110619651,,,,,,,,,,,,,
44,549840,0.7473479719262752,,,,,,,,,,,,,
44,561819,0.7105419769074146,,,,,,,,,,,,,
44,573137,0.7236218006751561,,,,,,,,,,,,,
44,594308,0.3229736049265945,,,,,,,,,,,,,
44,619322,0.5597622509147345,,,,,,,,,,,,,
44,631903,0.5722661805048509,,,,,,,,,,,,,
45,477657,0.7476053881663787,,0.4160251471689218,0.17298897951146752,0.7403004416639876,0.7558666870445171,0.8072563597109604,0.6179906414502149,,,0.8446656847336,0.807944709024083,,
45,483784,0.4583102421686511,,0.31008683647302115,0.1412449103092897,0.7545150604216001,0.7949788828551023,0.8772937408374666,0.7038197800278025,,,0.8886754343772373,0.8459963431258989,,
45,524153,0.42306533856649564,,0.21926450482675733,0.2058980693513018,0.6762154069938029,0.5413683180064337,,,,,0.8201196705521128,0.6256122174337491,,
45,530990,0.6147060021904182,,0.19611613513818404,0.17298897951146752,0.5883927973412335,0.6661433153385139,0.8842556701133416,0.7193790139051256,,,0.8055399042557009,0.69060763586756,,
45,549840,0.5455948663456264,,0.16984155512168936,0.17298897951146752,0.679144062109198,0.7930547926988153,0.956896551724138,0.795297646496633,,,0.8384806843270792,0.8011883531842252,,
45,561819,0.6370061032974833,,0.1386750490563073,0.5470391853644392,0.9137817908456888,0.9405790893790136,0.8203974359632711,0.7259065429116728,,,0.8467231837256691,0.9127498292561068,,
45,573137,0.6051078787060923,,0.20215188501566,0.2058980693513018,0.7887406951836663,0.9197981078140096,0.9661868732520372,0.7569719240496642,,,0.8460313541169093,0.8348965759471478,,
45,594308,0.3977412212264083,,0.37016108759461847,0.13212251550074416,0.7645320594361382,0.6071799075585167,0.8594414716234295,0.756481547259677,,,0.8683405063513892,0.7269234409406404,,
45,619322,0.6167134857561987,,0.47535411901185687,0.17298897951146752,0.708409332654178,0.7261108270539505,0.9491579461534836,0.7935114545259553,,,0.8200338849975005,0.8047469658620128,,
45,631903,0.7508875775434508,,0.12971863041569273,0.17298897951146752,0.5971683153097105,0.6760500718373761,0.9643863600348744,0.8052813294039101,,,0.8713469488685462,0.6897013297076403,,
46,477657,0.30898223847446027,,,,,,,,,,,,,
46,483784,0.6256990289602096,,,,,,,,,,,,,
46,524153,0.6045669069558742,,,,,,,,,,,,,
46,530990,0.4369626354635281,,,,,,,,,,,,,
46,549840,0.6104169636721721,,,,,,,,,,,,,
46,561819,0.45158975793820755,,,,,,,,,,,,,
46,573137,0.26230143858659527,,,,,,,,,,,,,
46,594308,0.7186323037579309,,,,,,,,,,,,,
46,619322,0.3547064325759732,,,,,,,,,,,,,
46,631903,0.4861653288355835,,,,,,,,,,,,,
47,477657,0.3480891139750324,,0.48038446141526137,0.3274628531597152,0.8448961084783829,0.48624207790284707,0.7628692279784977,0.516327498881957,,,0.8365121143420793,0.7672124180412442,,
47,483784,0.6390781624684708,,0.4330127018922194,0.29962570166335334,0.8718161572054999,0.5534605449047084,0.8570721882575766,0.601852693792923,,,0.8866066006048652,0.84892294514978,,
47,524153,0.350451399515591,,0.17677669529663687,0.3531122757732243,0.7255635262604654,0.36923591748222995,,,,,0.8601927397930673,0.6014679245973721,,
47,530990,0.48351528707314134,,0.3177444546511213,0.3274628531597152,0.7984813326427702,0.41156073723242576,0.8087528268017216,0.6396046659550377,,,0.8908440551815006,0.6833807370587172,,
47,549840,0.6339337727038183,,0.3215048749480863,0.3274628531597152,0.7813475859209863,0.46722247519889615,0.8927938383570005,0.7280658080446392,,,0.8284709510242221,0.7241181453349853,,
47,561819,0.5465227795484704,,0.2816503560745541,0.7556932705813878,0.900724684561448,0.6810411929527067,0.8234369821859469,0.6442198925617661,,,0.9420893993275112,0.8734779125632682,,
47,573137,0.41611401610359633,,0.37977726265637507,0.3531122757732243,0.8763120569366739,0.6168264192489485,0.8470919412041856,0.6912871325878288,,,0.8546666669005919,0.7798281450033129,,
47,594308,0.5221829632466959,,0.41312598190270844,0.2868697689530078,0.7572968813672156,0.4280092043803052,0.8146088312952442,0.6874649120467885,,,0.8513170084051411,0.6685182060986106,,
47,619322,0.4479628221790874,,0.4599331055039,0.3274628531597152,0.8091733941881669,0.49178643232951275,0.7930761081301565,0.7217716667004848,,,0.8898320626240963,0.7485348151521684,,
47,631903,0.40228320658582895,,0.29823196960136195,0.3274628531597152,0.7814378054862243,0.40732677590031696,0.8892779523588914,0.7617328734639259,,,0.8415424089775126,0.6647310929243481,,
48,477657,0.366509917657283,,,,,,,,,,,,,
48,483784,0.5870830999009448,,,,,,,,,,,,,
48,524153,0.8185747159638482,,,,,,,,,,,,,
48,530990,0.6677935340408142,,,,,,,,,,,,,
48,549840,0.5854548475830784,,,,,,,,,,,,,
48,561819,0.43942169798550546,,,,,,,,,,,,,
48,573137,0.32005921739997,,,,,,,,,,,,,
48,594308,0.5069552955233552,,,,,,,,,,,,,
48,619322,0.30665059510491954,,,,,,,,,,,,,
48,631903,0.5066730058830655,,,,,,,,,,,,,
49,477657,0.5003430755315864,,,,,,,,,,,,,
49,483784,0.518505070819412,,,,,,,,,,,,,
49,524153,0.49898127105731566,,,,,,,,,,,,,
49,530990,0.4998969659303829,,,,,,,,,,,,,
49,549840,0.5000583410384163,,,,,,,,,,,,,
49,561819,0.6191062700677652,,,,,,,,,,,,,
49,573137,0.5001493606023989,,,,,,,,,,,,,
49,594308,0.40568569041236124,,,,,,,,,,,,,
49,619322,0.5008243302399177,,,,,,,,,,,,,
49,631903,0.49996272486182697,,,,,,,,,,,,,
52,477657,0.5129956101371663,,,,,,,,,,,,,
52,483784,0.5384091855373332,,,,,,,,,,,,,
52,524153,0.5917773322245268,,,,,,,,,,,,,
52,530990,0.4276837168220269,,,,,,,,,,,,,
52,549840,0.5300094197463581,,,,,,,,,,,,,
52,561819,0.3290106949574654,,,,,,,,,,,,,
52,573137,0.5027693494167376,,,,,,,,,,,,,
52,594308,0.5940093203470882,,,,,,,,,,,,,
52,619322,0.4251386760289207,,,,,,,,,,,,,
52,631903,0.46521690319424713,,,,,,,,,,,,,
53,477657,0.7263295961423193,,,,,,,,,,,,,
53,483784,0.22511221819276866,,,,,,,,,,,,,
53,524153,0.5841760509035698,,,,,,,,,,,,,
53,530990,0.7748457373157285,,,,,,,,,,,,,
53,549840,0.6640973243437212,,,,,,,,,,,,,
53,561819,0.5983757678310443,,,,,,,,,,,,,
53,573137,0.619934396488151,,,,,,,,,,,,,
53,594308,0.38905053403319223,,,,,,,,,,,,,
53,619322,0.5866239975571941,,,,,,,,,,,,,
53,631903,0.3802934694113382,,,,,,,,,,,,,
54,477657,0.7303894477959622,,,,,,,,,,,,,
54,483784,0.2982688343425607,,,,,,,,,,,,,
54,524153,0.4393513390944973,,,,,,,,,,,,,
54,530990,0.845104126491068,,,,,,,,,,,,,
54,549840,0.5671907090711015,,,,,,,,,,,,,
54,561819,0.7034184699818891,,,,,,,,,,,,,
54,573137,0.6696517588809376,,,,,,,,,,,,,
54,594308,0.5192446819038488,,,,,,,,,,,,,
54,619322,0.6270323971210211,,,,,,,,,,,,,
54,631903,0.7567622745989966,,,,,,,,,,,,,
55,477657,0.8641443678287658,,,,,,,,,,,,,
55,483784,0.34572960350560467,,,,,,,,,,,,,
55,524153,0.16720776509412733,,,,,,,,,,,,,
55,530990,0.5797490890575161,,,,,,,,,,,,,
55,549840,0.5902452850618488,,,,,,,,,,,,,
55,561819,0.6855263518799471,,,,,,,,,,,,,
55,573137,0.8320091505997569,,,,,,,,,,,,,
55,594308,0.4240618154671867,,,,,,,,,,,,,
55,619322,0.7408315152577406,,,,,,,,,,,,,
55,631903,0.42732382007943936,,,,,,,,,,,,,
56,477657,0.8721168856703221,,0.37016108759461847,0.2868697689530078,0.8550851606788212,0.778392197639601,0.7947628811674106,0.6899991808720555,,,0.849511513012622,0.8109051322584703,,
56,483784,0.2829580100019091,,0.3432032364918221,0.2689222973184121,0.8590656228693174,0.8212596206145074,0.8461492942904828,0.7435231536836185,,,0.9049512340281444,0.8483322468078411,,
56,524153,0.39774411312149244,,0.24514516892273006,0.29543492601793364,0.7969015924550555,0.5722973473449252,,,,,0.8657485102669011,0.6399047158796811,,
56,530990,0.6841194109379028,,0.23513498578149006,0.2868697689530078,0.8176535101826603,0.681097427519947,0.8848793825009297,0.7751106748482145,,,0.8920806488836153,0.6896976637044057,,
56,549840,0.6194843754623243,,0.23513498578149006,0.2868697689530078,0.8496283105196542,0.7754451230759167,0.9375795671869379,0.8271164550320369,,,0.9047645966624476,0.7968007480723304,,
56,561819,0.5523631898904322,,0.2246792585682293,0.6453362324151886,0.8680042897908739,0.9205222343771275,0.7980650784697265,0.7790872222091508,,,0.9890003574825728,0.9120461375499755,,
56,573137,0.7388925525417773,,0.29823196960136195,0.29543492601793364,0.9054386304926256,0.8833663917783781,1.0,0.8151714433493769,,,0.9383295416256252,0.8377150743032068,,
56,594308,0.5575957257614313,,0.3602883460614461,0.26424503100148833,0.8401054691768556,0.63203065020122,0.8505681580675977,0.8014007610786091,,,0.9215063212322746,0.7287898141121347,,
56,619322,0.7378433071917861,,0.4246038878042235,0.2868697689530078,0.8116705538276967,0.7440800213114926,0.9211137938457729,0.8259987903079328,,,0.9110666504186344,0.8056917834617385,,
56,631903,0.590255351062418,,0.2080125735844609,0.2868697689530078,0.7990026042838312,0.6934064955840845,0.9631614024002976,0.8477489882312282,,,0.8716522653860609,0.7073419937450329,,
57,477657,0.8178247501891833,,0.39528470752104744,0.1934075587729799,0.8108610153606676,0.6840435849008245,0.7671820363369609,0.665201125176332,,,0.8836067786834878,0.7941749319519704,,
57,483784,0.19205969255772526,,0.3432032364918221,0.14981285083167667,0.8870670675360385,0.767311121589567,0.8071028711318352,0.8055358605219753,,,0.9486668488800176,0.8313001884776063,,
57,524153,0.3712927503816953,,0.21926450482675733,0.2233278122417766,0.7843428122368643,0.5519553006167691,,,,,0.8166913904013346,0.6526166713188788,,
57,530990,0.6778682171003096,,0.18344984642633572,0.1934075587729799,0.790176915073621,0.601776724466105,0.7931161535403841,0.8110738751279175,,,0.8251474292280175,0.7187257243214895,,
57,549840,0.7924684440772665,,0.18344984642633572,0.1934075587729799,0.8115893248197479,0.6103367691216823,0.9208059257968824,0.8809978937743206,,,0.8796265130792834,0.7587482325298684,,
57,561819,0.804685344749583,,0.16261090889699772,0.62968939023899,0.9770296957646324,0.758551010931277,0.7974521265832667,0.7367253239295095,,,0.9483168154704228,0.9488870319854774,,
57,573137,0.7566010365872877,,0.20215188501566,0.2233278122417766,0.8840934812149903,0.7012514886074334,0.8903677475866213,0.8390872369786934,,,0.9656573277674044,0.887602415990816,,
57,594308,0.7328403050260929,,0.36360904617671225,0.1412449103092897,0.8451899053241881,0.5859325862325915,0.8396496002117528,0.7959664346465909,,,0.8694738417439234,0.7313669295363948,,
57,619322,0.7314650723179568,,0.4625389796463728,0.1934075587729799,0.8607118758643018,0.6445304860001955,0.802185857981264,0.835775022763029,,,0.8852921330647191,0.8027612729599215,,
57,631903,0.646899218793247,,0.16261090889699772,0.1934075587729799,0.8305875507067113,0.6186342034103278,0.9518874775675312,0.9149709015496084,,,0.8457588148225281,0.6822877901853851,,
58,477657,0.011628531163398181,,0.45202535667473687,0.21767302573967065,0.8693193506168617,0.8137046405668817,0.7655701303568737,0.7379399257573296,,,0.6774690355650204,0.8140765609019954,,
58,483784,0.8678666852615886,,0.3432032364918221,0.1934075587729799,0.7645574833650339,0.8748487946708691,0.9053738398470046,0.7915999028929191,,,0.7220470289726094,0.8622894213132938,,
58,524153,0.7313961412343806,,0.23513498578149006,0.2342281855216576,0.7149398502658129,0.5980370346206516,,,,,0.7458499869839778,0.6950784957808143,,
58,530990,0.2335595310572493,,0.2137126035662776,0.21767302573967065,0.8663380667773329,0.6977585429445686,0.8395083311895108,0.8058185035401578,,,0.814358426079629,0.7364785333203949,,
58,549840,0.24187567076685407,,0.2137126035662776,0.21767302573967065,0.7549555816734026,0.7617510285111025,0.936013662888876,0.8562720013756615,,,0.7524551284251719,0.7980547231550786,,
58,561819,0.15824044579297092,,0.18344984642633572,0.5605483599480056,0.6378433861113963,0.906694560891704,0.8550994799800806,0.8108812503559409,,,0.9561022286195632,0.9423309549574858,,
58,573137,0.11481051847483026,,0.24019223070763068,0.2342281855216576,0.7620871930691634,0.8619746305317558,0.885268542757645,0.8232940567933846,,,0.8851455414816651,0.87196845359822,,
58,594308,0.47450626106992544,,0.40430377003132,0.18684945331600186,0.6519384294236129,0.6819696576778193,0.8343994056915207,0.8289847838109045,,,0.8201681885355334,0.7655095649568037,,
58,619322,0.26594885285851977,,0.4951689688301435,0.21767302573967065,0.7155433174840831,0.7674971429752017,0.8382696449568434,0.859287864182992,,,0.7912244531993269,0.8203492451410851,,
58,631903,0.3174282635987124,,0.18344984642633572,0.21767302573967065,0.7511409306298248,0.7278187895655027,0.9244745087950641,0.8724030374405807,,,0.7535570380994382,0.7357953862433696,,
59,477657,0.019381979306404007,,,,,,,,,,,,,
59,483784,0.8968157426012802,,,,,,,,,,,,,
59,524153,0.6186575965464842,,,,,,,,,,,,,
59,530990,0.20962243274603404,,,,,,,,,,,,,
59,549840,0.2806627518792917,,,,,,,,,,,,,
59,561819,0.17374613024628938,,,,,,,,,,,,,
59,573137,0.09311564946932743,,,,,,,,,,,,,
59,594308,0.41369498203086863,,,,,,,,,,,,,
59,619322,0.23959380380268586,,,,,,,,,,,,,
59,631903,0.2903013964152253,,,,,,,,,,,,,
60,477657,0.020245349851505612,,,,,,,,,,,,,
60,483784,0.8199725816258687,,,,,,,,,,,,,
60,524153,0.7570950410304917,,,,,,,,,,,,,
60,530990,0.3233946988035544,,,,,,,,,,,,,
60,549840,0.2530526487752003,,,,,,,,,,,,,
60,561819,0.2916245437887057,,,,,,,,,,,,,
60,573137,0.13472715578589145,,,,,,,,,,,,,
60,594308,0.4673071260156071,,,,,,,,,,,,,
60,619322,0.21826696670455054,,,,,,,,,,,,,
60,631903,0.5105796068481205,,,,,,,,,,,,,
61,477657,0.014815189589461819,,,,,,,,,,,,,
61,483784,0.8464404527131897,,,,,,,,,,,,,
61,524153,0.708331487341335,,,,,,,,,,,,,
61,530990,0.24681793016822984,,,,,,,,,,,,,
61,549840,0.2295104320362008,,,,,,,,,,,,,
61,561819,0.28392163880815036,,,,,,,,,,,,,
61,573137,0.12755048680668868,,,,,,,,,,,,,
61,594308,0.5262643140319311,,,,,,,,,,,,,
61,619322,0.2001916699835546,,,,,,,,,,,,,
61,631903,0.4037062497088811,,,,,,,,,,,,,
62,477657,0.046940771651271085,,,,,,,,,,,,,
62,483784,0.8252338978320553,,,,,,,,,,,,,
62,524153,0.6122246320865863,,,,,,,,,,,,,
62,530990,0.19072420447364163,,,,,,,,,,,,,
62,549840,0.2027028633695897,,,,,,,,,,,,,
62,561819,0.3817501365227348,,,,,,,,,,,,,
62,573137,0.12961558959102132,,,,,,,,,,,,,
62,594308,0.5035060764943566,,,,,,,,,,,,,
62,619322,0.265650271100088,,,,,,,,,,,,,
62,631903,0.36713270236196116,,,,,,,,,,,,,
63,477657,0.41465457288113505,,0.3733939969028385,0.3770207400183576,0.8528282976341341,0.8288499000467126,0.7244155892723081,0.7379399257573296,,,0.8167862480751467,0.8367687200556883,,
63,483784,0.47110580423679954,,0.3733939969028385,0.3601052769313654,0.8481077351458246,0.8914081841691347,0.7519782090352064,0.7915999028929191,,,0.8798991394176288,0.8827923890997322,,
63,524153,0.6488216358566368,,0.328896757240136,0.3868151175459598,0.7959503221227697,0.6073881917948424,,,,,0.7588503806905459,0.7152116704868727,,
63,530990,0.5146764887863268,,0.37016108759461847,0.3770207400183576,0.7593580737206224,0.7098766510980274,0.7986871861070753,0.8058185035401578,,,0.8195185552904668,0.7514379037275701,,
63,549840,0.6331681477553386,,0.37016108759461847,0.3770207400183576,0.7974208196207191,0.7666806149420596,0.8781748163147733,0.8562720013756615,,,0.8406377114349657,0.824056681377365,,
63,561819,0.5231869991657607,,0.35355339059327373,0.6054614282901363,0.8755237238066107,0.9109192000357917,0.7086710206068123,0.8108812503559409,,,0.9407255827650528,0.9497221712929129,,
63,573137,0.4880918506950733,,0.47535411901185687,0.3868151175459598,0.8715001464530789,0.8699451126656456,0.9847091941204186,0.8232940567933846,,,0.8759311758857314,0.8831788899817465,,
63,594308,0.5541281416270818,,0.356936753716742,0.3531122757732243,0.8026077095536592,0.6956928328806096,0.7925384540684876,0.8289847838109045,,,0.827673397229385,0.7862152177529025,,
63,619322,0.368174010091531,,0.3860549980747064,0.3770207400183576,0.7970276188092935,0.7795492506104026,0.8563028528681642,0.859287864182992,,,0.853408835806712,0.8390870828980171,,
63,631903,0.6030606887274976,,0.35013733569294475,0.3770207400183576,0.7677150554409772,0.7361733133733155,0.9094092337481838,0.8724030374405807,,,0.8146940329922402,0.7648666209985167,,
64,477657,0.25702714998033116,,,,,,,,,,,,,
64,483784,0.6207851598922114,,,,,,,,,,,,,
64,524153,0.553497416728602,,,,,,,,,,,,,
64,530990,0.20802675557307826,,,,,,,,,,,,,
64,549840,0.39099876729068755,,,,,,,,,,,,,
64,561819,0.44616740412179623,,,,,,,,,,,,,
64,573137,0.10492406187116254,,,,,,,,,,,,,
64,594308,0.49837189810154764,,,,,,,,,,,,,
64,619322,0.2661485991461301,,,,,,,,,,,,,
64,631903,0.49798868902363025,,,,,,,,,,,,,
65,477657,0.14332571349525453,,0.4599331055039,0.1800526384656827,0.9523770287581864,0.7395542118620079,0.8899980668424647,0.9417111170185681,,,0.9691851362552972,0.924064174893135,,
65,483784,0.7331771425079174,,0.36689969285267143,0.15791661046371633,0.9374020463231368,0.8941139727184034,0.9037965403190392,0.9771566877466401,,,0.9967053708591124,0.9602792172292903,,
65,524153,0.41959145162815925,,0.18344984642633572,0.1934075587729799,0.8615883810472528,0.536499852356134,,,,,0.9757779666832692,0.8104810172015471,,
65,530990,0.1927413188304295,,0.18344984642633572,0.1800526384656827,0.7531101057693509,0.611029484013836,0.8848233902294382,0.9599265470266739,,,0.9663331962412752,0.8458061135440228,,
65,549840,0.2671148135448176,,0.17677669529663687,0.1800526384656827,0.9093066633316153,0.7625161879180343,0.9761030129546062,1.0,,,0.9748074064810042,0.9290995208697043,,
65,561819,0.3186430224816369,,0.14708710135363803,0.4604020795054769,1.0,0.8510155693810946,0.8917679615329991,0.9553521261956706,,,0.9889430175153272,0.9465349382238368,,
65,573137,0.29555841655060855,,0.18988863132818753,0.1934075587729799,0.9834688160216878,0.7243618548419919,1.0,0.9569171862536958,,,0.9710704280379536,0.8925116234301764,,
65,594308,0.27038195788535146,,0.4072657420105264,0.14981285083167667,0.8977185174440638,0.5722058058395725,0.9242375730730994,0.9795164119689801,,,0.9853883596348664,0.8665891160844259,,
65,619322,0.3908363683918404,,0.49759034742060054,0.1800526384656827,0.8895684739251535,0.6913229467183671,0.9718126518705512,0.9793056836295325,,,0.9868533897529944,0.9102671053338943,,
65,631903,0.3173033186634315,,0.14708710135363803,0.1800526384656827,0.8417718518628042,0.7110338132823717,0.9670923972084108,0.9986701626276935,,,0.9829600455852252,0.8797852525582166,,
73,477657,,1.0,0.5280588545286916,,,,,,0.8144090915309798,0.4470508151867143,,,0.2905645665847723,Q1-Graph5
73,483784,,1.0,0.40430377003132,,,,,,0.9968969898818398,0.6858901955339645,,,0.1937097110565149,Q1-Graph5
73,573137,,1.0,0.04902903378454601,,,,,,0.881948733754747,0.37885698042523647,,,1.0,Q1-Graph5
73,594308,,0.8,0.47787590922266066,,,,,,0.8643926718376926,0.3828183552016266,,,0.20084250314467395,Q1-Graph5
73,619322,,1.0,0.6123724356957944,,,,,,0.7661187481761453,0.4101412932596219,,,0.2953676120809736,Q1-Graph5
74,477657,,1.0,0.5481612620668931,,,,,,0.8144090915309798,0.4470508151867143,,,0.3047466883988344,Q1-Graph5
74,483784,,1.0,0.43852900965351466,,,,,,0.9968969898818398,0.6858901955339645,,,0.22297662233700194,Q1-Graph5
74,573137,,1.0,0.06933752452815364,,,,,,0.881948733754747,0.37885698042523647,,,0.718294833036532,Q1-Graph5
74,594308,,0.8,0.5,,,,,,0.8643926718376926,0.3828183552016266,,,0.22297662233700194,Q1-Graph5
74,619322,,1.0,0.6297893420697237,,,,,,0.7661187481761453,0.4101412932596219,,,0.3108422257445345,Q1-Graph5
75,477657,,1.0,0.5280588545286916,,,,,,0.8144090915309798,0.4470508151867143,,,0.2905645665847723,Q1-Graph5
75,483784,,1.0,0.40430377003132,,,,,,0.9968969898818398,0.6858901955339645,,,0.1937097110565149,Q1-Graph5
75,573137,,1.0,0.04902903378454601,,,,,,0.881948733754747,0.37885698042523647,,,0.8882176431559488,Q1-Graph5
75,594308,,0.8,0.47787590922266066,,,,,,0.8643926718376926,0.3828183552016266,,,0.20084250314467395,Q1-Graph5
75,619322,,1.0,0.6123724356957944,,,,,,0.7661187481761453,0.4101412932596219,,,0.2953676120809736,Q1-Graph5
77,477657,,1.0,0.5303300858899106,,,,,,0.7914739596653997,0.39325279827687487,,,0.2953676120809736,Q1-Graph5
77,483784,,1.0,0.41312598190270844,,,,,,0.9756264356081789,0.6102922625003236,,,0.20084250314467395,Q1-Graph5
77,573137,,1.0,0.09805806756909202,,,,,,0.8509155560013578,0.3110570693677779,,,0.8882176431559488,Q1-Graph5
77,594308,,0.8333333333333334,0.48038446141526137,,,,,,0.8347023384666681,0.3317272764965159,,,0.2077305225074983,Q1-Graph5
77,619322,,0.875,0.614332032498588,,,,,,0.7402706216404565,0.3602864592773963,,,0.3000937939682132,Q1-Graph5
78,477657,,1.0,0.5071602690092536,,,,,,0.7914739596653997,0.39325279827687487,,,0.27565375132425995,Q1-Graph5
78,483784,,1.0,0.3733939969028385,,,,,,0.9756264356081789,0.6102922625003236,,,0.17859152928948988,Q1-Graph5
78,573137,,1.0,0.06933752452815364,,,,,,0.8509155560013578,0.3110570693677779,,,0.9839233027355542,Q1-Graph5
78,594308,,0.8333333333333334,0.45467655452064965,,,,,,0.8347023384666681,0.3317272764965159,,,0.17859152928948988,Q1-Graph5
78,619322,,0.875,0.5944454429259127,,,,,,0.7402706216404565,0.3602864592773963,,,0.2807120402315455,Q1-Graph5
79,477657,,1.0,0.5071602690092536,,,,,,0.7914739596653997,0.39325279827687487,,,0.27565375132425995,Q1-Graph5
79,483784,,1.0,0.3733939969028385,,,,,,0.9756264356081789,0.6102922625003236,,,0.17859152928948988,Q1-Graph5
79,573137,,1.0,0.06933752452815364,,,,,,0.8509155560013578,0.3110570693677779,,,0.8834522085987724,Q1-Graph5
79,594308,,0.8333333333333334,0.45467655452064965,,,,,,0.8347023384666681,0.3317272764965159,,,0.17859152928948988,Q1-Graph5
79,619322,,0.875,0.5944454429259127,,,,,,0.7402706216404565,0.3602864592773963,,,0.2807120402315455,Q1-Graph5
80,477657,,1.0,0.5415433784741817,,,,,,0.7914739596653997,0.39325279827687487,,,0.3000937939682132,Q1-Graph5
80,483784,,1.0,0.4072657420105264,,,,,,0.9756264356081789,0.6102922625003236,,,0.20084250314467395,Q1-Graph5
80,573137,,1.0,0.09805806756909202,,,,,,0.8509155560013578,0.3110570693677779,,,0.9395420224809022,Q1-Graph5
80,594308,,0.8333333333333334,0.48038446141526137,,,,,,0.8347023384666681,0.3317272764965159,,,0.2077305225074983,Q1-Graph5
80,619322,,0.875,0.614332032498588,,,,,,0.7402706216404565,0.3602864592773963,,,0.3000937939682132,Q1-Graph5
82,477657,,1.0,0.8893061253670663,,,,,,0.8317052635112313,0.7831328816479282,,,0.5313793160125153,Q1-Graph5
82,483784,,1.0,0.8576578123452984,,,,,,1.0,1.0,,,0.4480518597697726,Q1-Graph5
82,573137,,1.0,0.6541288981421136,,,,,,0.9054903733493448,0.7232960872594836,,,0.0,Q1-Graph5
82,594308,,0.6666666666666667,0.9250779592927456,,,,,,0.8895833396762176,0.7277589219377799,,,0.5079111473313908,Q1-Graph5
82,619322,,1.0,1.0,,,,,,0.791910092504319,0.7389772282489498,,,0.5115917110345413,Q1-Graph5
83,477657,,1.0,0.8893061253670663,,,,,,0.8317052635112313,0.7831328816479282,,,0.5313793160125153,Q1-Graph5
83,483784,,1.0,0.8576578123452984,,,,,,1.0,1.0,,,0.4480518597697726,Q1-Graph5
83,573137,,1.0,0.6541288981421136,,,,,,0.9054903733493448,0.7232960872594836,,,0.0,Q1-Graph5
83,594308,,0.6666666666666667,0.9250779592927456,,,,,,0.8895833396762176,0.7277589219377799,,,0.5079111473313908,Q1-Graph5
83,619322,,1.0,1.0,,,,,,0.791910092504319,0.7389772282489498,,,0.5115917110345413,Q1-Graph5
84,477657,,1.0,0.8893061253670663,,,,,,0.8317052635112313,0.7831328816479282,,,0.5313793160125153,Q1-Graph5
84,483784,,1.0,0.8576578123452984,,,,,,1.0,1.0,,,0.4480518597697726,Q1-Graph5
84,573137,,1.0,0.6541288981421136,,,,,,0.9054903733493448,0.7232960872594836,,,0.0,Q1-Graph5
84,594308,,0.6666666666666667,0.9250779592927456,,,,,,0.8895833396762176,0.7277589219377799,,,0.5079111473313908,Q1-Graph5
84,619322,,1.0,1.0,,,,,,0.791910092504319,0.7389772282489498,,,0.5115917110345413,Q1-Graph5
85,477657,,1.0,0.5071602690092536,,,,,,0.7872646462284936,0.3803794930209852,,,0.27565375132425995,Q1-Graph5
85,483784,,0.8333333333333334,0.3733939969028385,,,,,,0.9728102222817144,0.5979130929039445,,,0.17859152928948988,Q1-Graph5
85,573137,,1.0,0.06933752452815364,,,,,,0.8432845320639831,0.3139263734906585,,,0.7998592746771487,Q1-Graph5
85,594308,,1.0,0.45467655452064965,,,,,,0.827510962674246,0.32506609177064577,,,0.17859152928948988,Q1-Graph5
85,619322,,0.7142857142857143,0.5944454429259127,,,,,,0.7344662142502448,0.3480450560087848,,,0.2807120402315455,Q1-Graph5
86,477657,,1.0,0.5071602690092536,,,,,,0.7872646462284936,0.3803794930209852,,,0.27565375132425995,Q1-Graph5
86,483784,,0.8333333333333334,0.3733939969028385,,,,,,0.9728102222817144,0.5979130929039445,,,0.17859152928948988,Q1-Graph5
86,573137,,1.0,0.06933752452815364,,,,,,0.8432845320639831,0.3139263734906585,,,0.5787026961286481,Q1-Graph5
86,594308,,1.0,0.45467655452064965,,,,,,0.827510962674246,0.32506609177064577,,,0.17859152928948988,Q1-Graph5
86,619322,,0.7142857142857143,0.5944454429259127,,,,,,0.7344662142502448,0.3480450560087848,,,0.2807120402315455,Q1-Graph5
87,477657,,1.0,0.511878140546391,,,,,,0.7872646462284936,0.3803794930209852,,,0.2790361324757367,Q1-Graph5
87,483784,,0.8333333333333334,0.3922322702763681,,,,,,0.9728102222817144,0.5979130929039445,,,0.18376916754950665,Q1-Graph5
87,573137,,1.0,0.06933752452815364,,,,,,0.8432845320639831,0.3139263734906585,,,0.8010312302868934,Q1-Graph5
87,594308,,1.0,0.4599331055039,,,,,,0.827510962674246,0.32506609177064577,,,0.18376916754950665,Q1-Graph5
87,619322,,0.7142857142857143,0.5984756276767476,,,,,,0.7344662142502448,0.3480450560087848,,,0.2840341918481589,Q1-Graph5
67,477657,,,0.4160251471689218,0.2288429096710954,0.9415019087675448,0.5509079016266701,,,,,0.8746469473590249,0.8455768731465154,,
67,483784,,,0.3432032364918221,0.19975046777556887,0.9656006157575074,0.5778759301270965,,,,,0.9901716045021448,0.978758652009143,,
67,524153,,,0.12971863041569273,0.2496880847194611,0.8967741076162871,0.40501209477649114,,,,,0.9896774107616289,0.7685411137150377,,
67,530990,,,0.29005967555766077,0.2288429096710954,0.8884073818530394,0.4550746468634475,,,,,0.994420369092652,0.7314070327255975,,
67,549840,,,0.29417420270727607,0.2288429096710954,0.9361195607113199,0.6109931229185832,,,,,0.932361887811986,0.8395499006716715,,
67,561819,,,0.25943726083138546,0.6883425465178172,0.9835076434668236,0.7799490681422544,,,,,1.0,0.7936111462688965,,
67,573137,,,0.29417420270727607,0.2496880847194611,0.9691780532726956,0.736923108186984,,,,,0.8273970983270945,0.6861733750031002,,
67,594308,,,0.4072657420105264,0.1934075587729799,0.9215401328551088,0.5532854400225345,,,,,0.8735924362665641,0.7515713983932943,,
67,619322,,,0.41020632707118354,0.2288429096710954,0.9372505592886652,0.5753338267254775,,,,,0.9960781599555416,0.7898398859638399,,
67,631903,,,0.2640294272643458,0.2288429096710954,0.9237507148336976,0.5151945521699095,,,,,0.9382743881987076,0.8708301636165252,,
73,524153,,,0.25476233268253407,,,,,,,,,,,
73,530990,,,0.0,,,,,,,,,,,
73,549840,,,0.0,,,,,,,,,,,
73,561819,,,0.08492077756084468,,,,,,,,,,,
73,631903,,,0.08492077756084468,,,,,,,,,,,
74,524153,,,0.2685430777647873,,,,,,,,,,,
74,530990,,,0.0,,,,,,,,,,,
74,549840,,,0.04902903378454601,,,,,,,,,,,
74,561819,,,0.09805806756909202,,,,,,,,,,,
74,631903,,,0.09805806756909202,,,,,,,,,,,
75,524153,,,0.25476233268253407,,,,,,,,,,,
75,530990,,,0.0,,,,,,,,,,,
75,549840,,,0.0,,,,,,,,,,,
75,561819,,,0.08492077756084468,,,,,,,,,,,
75,631903,,,0.08492077756084468,,,,,,,,,,,
77,524153,,,0.25943726083138546,,,,,,,,,,,
77,530990,,,0.04902903378454601,,,,,,,,,,,
77,549840,,,0.04902903378454601,,,,,,,,,,,
77,561819,,,0.09805806756909202,,,,,,,,,,,
77,631903,,,0.09805806756909202,,,,,,,,,,,
78,524153,,,0.24514516892273006,,,,,,,,,,,
78,530990,,,0.04902903378454601,,,,,,,,,,,
78,549840,,,0.04902903378454601,,,,,,,,,,,
78,561819,,,0.06933752452815364,,,,,,,,,,,
78,631903,,,0.06933752452815364,,,,,,,,,,,
79,524153,,,0.24514516892273006,,,,,,,,,,,
79,530990,,,0.04902903378454601,,,,,,,,,,,
79,549840,,,0.04902903378454601,,,,,,,,,,,
79,561819,,,0.06933752452815364,,,,,,,,,,,
79,631903,,,0.06933752452815364,,,,,,,,,,,
80,524153,,,0.25943726083138546,,,,,,,,,,,
80,530990,,,0.06933752452815364,,,,,,,,,,,
80,549840,,,0.04902903378454601,,,,,,,,,,,
80,561819,,,0.09805806756909202,,,,,,,,,,,
80,631903,,,0.09805806756909202,,,,,,,,,,,
82,524153,,,0.8906566289930317,,,,,,,,,,,
82,530990,,,0.5675520985912963,,,,,,,,,,,
82,549840,,,0.8506219444075567,,,,,,,,,,,
82,561819,,,0.6614378277661479,,,,,,,,,,,
82,631903,,,0.7155551905822716,,,,,,,,,,,
83,524153,,,0.8906566289930317,,,,,,,,,,,
83,530990,,,0.5675520985912963,,,,,,,,,,,
83,549840,,,0.8506219444075567,,,,,,,,,,,
83,561819,,,0.6614378277661479,,,,,,,,,,,
83,631903,,,0.7155551905822716,,,,,,,,,,,
84,524153,,,0.8906566289930317,,,,,,,,,,,
84,530990,,,0.5675520985912963,,,,,,,,,,,
84,549840,,,0.8506219444075567,,,,,,,,,,,
84,561819,,,0.6614378277661479,,,,,,,,,,,
84,631903,,,0.7155551905822716,,,,,,,,,,,
85,524153,,,0.24514516892273006,,,,,,,,,,,
85,530990,,,0.0,,,,,,,,,,,
85,549840,,,0.0,,,,,,,,,,,
85,561819,,,0.06933752452815364,,,,,,,,,,,
85,631903,,,0.06933752452815364,,,,,,,,,,,
86,524153,,,0.24514516892273006,,,,,,,,,,,
86,530990,,,0.04902903378454601,,,,,,,,,,,
86,549840,,,0.04902903378454601,,,,,,,,,,,
86,561819,,,0.06933752452815364,,,,,,,,,,,
86,631903,,,0.06933752452815364,,,,,,,,,,,
87,524153,,,0.25,,,,,,,,,,,
87,530990,,,0.04902903378454601,,,,,,,,,,,
87,549840,,,0.04902903378454601,,,,,,,,,,,
87,561819,,,0.09805806756909202,,,,,,,,,,,
87,631903,,,0.09805806756909202,,,,,,,,,,,
66,594308,,,,,0.8628011318859928,0.6773999087087544,,,,,0.9742752122286236,0.8509271615284321,,
66,524153,,,,,0.8578515368812933,0.6034018334319851,,,,,0.9593861533946552,0.8437853471811358,,
66,631903,,,,,0.9142857142857144,0.6217026728882555,,,,,0.9642857142857144,0.9287734766530387,,
66,573137,,,,,0.9029857499854668,0.9039448204807966,,,,,0.9878732187481832,0.8175794691720275,,
66,549840,,,,,0.94825451103318,0.7260231925943746,,,,,0.9630389364522712,0.9111753021654696,,
66,619322,,,,,0.9382786600151632,0.7389738121289939,,,,,0.9691393300075816,0.8793886957524742,,
66,483784,,,,,0.9226610808763468,0.6915430168696015,,,,,0.9516631755477168,1.0,,
66,477657,,,,,0.9753401519041964,0.6556566062615681,,,,,0.9424603544431248,0.9197964146130123,,
66,530990,,,,,0.9670707220030929,0.6320024714068695,,,,,0.9780471480020619,0.8382901590136668,,
66,561819,,,,,0.9188892894346188,1.0,,,,,1.0,0.8812059068616149,,
76,509607,,,,,,,,,0.7740715359940776,0.8006655659262951,,,,
76,625756,,,,,,,,,0.8622500982004089,0.6085700841826303,,,,
76,657173,,,,,,,,,0.8825290884778584,0.5557398324300796,,,,
76,616453,,,,,,,,,0.6541757256397849,0.6384650779255756,,,,
76,561157,,,,,,,,,0.8425009399850899,0.7361277985290059,,,,
76,499467,,,,,,,,,0.8825290884778584,0.556294803124364,,,,
69,509607,,,,,,,,,0.7374673531571593,0.7792949380867896,,,,
69,625756,,,,,,,,,0.76334095776412,0.6174706679335606,,,,
69,657173,,,,,,,,,0.7757765818532237,0.5993604203842916,,,,
69,616453,,,,,,,,,0.6213943908640253,0.5906534016840891,,,,
69,561157,,,,,,,,,0.8027861539082094,0.7538787849821228,,,,
69,499467,,,,,,,,,0.7757765818532237,0.6221773172061191,,,,
81,509607,,,,,,,,,0.7641811167923245,0.792485276898077,,,,
81,625756,,,,,,,,,0.8562698704865069,0.5950764657865298,,,,
81,657173,,,,,,,,,0.8753461397850539,0.538130129702332,,,,
81,616453,,,,,,,,,0.6447543720056051,0.6267963861990246,,,,
81,561157,,,,,,,,,0.827242804881824,0.72392648119078,,,,
81,499467,,,,,,,,,0.8753461397850539,0.5370072051498784,,,,
70,509607,,,,,,,,,0.6411637248820384,0.4182731139841399,,,,
70,625756,,,,,,,,,0.6299798081005366,0.25055086026860585,,,,
70,657173,,,,,,,,,0.6532828360203164,0.27093737088854436,,,,
70,616453,,,,,,,,,0.5500897296568097,0.17717634332456464,,,,
70,561157,,,,,,,,,0.7417928255302502,0.3986354392407038,,,,
70,499467,,,,,,,,,0.6532828360203164,0.3231609761530777,,,,
71,509607,,,,,,,,,0.687689231759165,0.6562426169084534,,,,
71,625756,,,,,,,,,0.747334180196027,0.48494004497950577,,,,
71,657173,,,,,,,,,0.7730441109916623,0.4581933781892607,,,,
71,616453,,,,,,,,,0.5754864986332817,0.49833641769638004,,,,
71,561157,,,,,,,,,0.778559506049675,0.6070328540923187,,,,
71,499467,,,,,,,,,0.7730441109916623,0.4729584820425136,,,,
72,509607,,,,,,,,,0.7436535952462553,0.7798764859338855,,,,
72,625756,,,,,,,,,0.853439888430304,0.6015805047186165,,,,
72,657173,,,,,,,,,0.8775927511893468,0.5439716047151358,,,,
72,616453,,,,,,,,,0.6270784466638729,0.6404635598753873,,,,
72,561157,,,,,,,,,0.8142255053473045,0.713997429108447,,,,
72,499467,,,,,,,,,0.8775927511893468,0.5388705509776835,,,,
