Source,eType,Target,Time,Weight,SourceLocation,TargetLocation,SourceLatitude,SourceLongitude,TargetLatitude,TargetLongitude
0,4,-99,1736899101,-99,,,,,,
41,0,34,1736985600,1,,,,,,
37,0,27,1736993661,1,,,,,,
34,1,27,1737006748,1,5.0,5.0,,,,
41,0,37,1737027038,1,,,,,,
34,1,37,1737036558,1,5.0,5.0,,,,
27,0,41,1737036714,1,,,,,,
27,0,41,1737045200,1,,,,,,
41,1,37,1737048361,1,5.0,5.0,,,,
37,0,34,1737057628,1,,,,,,
41,0,34,1737068447,1,,,,,,
27,1,37,1737076401,1,5.0,5.0,,,,
37,1,41,1737082372,1,5.0,5.0,,,,
41,0,27,1737115782,1,,,,,,
34,1,41,1737117623,1,5.0,5.0,,,,
41,1,27,1737129269,1,5.0,5.0,,,,
41,1,37,1737132222,1,5.0,5.0,,,,
34,1,41,1737135279,1,5.0,5.0,,,,
41,1,37,1737138993,1,5.0,5.0,,,,
37,1,27,1737164309,1,5.0,5.0,,,,
37,0,41,1737167312,1,,,,,,
37,0,34,1737171259,1,,,,,,
34,1,27,1737176013,1,5.0,5.0,,,,
34,1,27,1737187778,1,5.0,5.0,,,,
41,1,37,1737193185,1,5.0,5.0,,,,
34,1,37,1737217423,1,5.0,5.0,,,,
34,1,41,1737244661,1,5.0,5.0,,,,
37,1,34,1737245831,1,5.0,5.0,,,,
34,1,37,1737249377,1,5.0,5.0,,,,
41,1,27,1737261234,1,5.0,5.0,,,,
40,0,0,1737267828,1,,,,,,
41,1,34,1737274186,1,5.0,5.0,,,,
37,0,34,1737294998,1,,,,,,
37,0,34,1737298988,1,,,,,,
37,0,41,1737300765,1,,,,,,
37,0,27,1737310442,1,,,,,,
34,0,37,1737311701,1,,,,,,
37,1,27,1737316394,1,5.0,5.0,,,,
34,1,37,1737331103,1,5.0,5.0,,,,
34,1,37,1737358954,1,5.0,5.0,,,,
37,0,41,1737375547,1,,,,,,
41,0,39,1737393608,1,,,,,,
34,0,27,1737408689,1,,,,,,
34,1,27,1737432833,1,5.0,5.0,,,,
41,0,37,1737439656,1,,,,,,
37,0,41,1737452124,1,,,,,,
34,1,27,1737457669,1,5.0,5.0,,,,
37,0,34,1737472646,1,,,,,,
65,1,39,1737475122,1,5.0,5.0,,,,
27,1,41,1737476071,1,5.0,5.0,,,,
41,1,34,1737484847,1,5.0,5.0,,,,
41,0,34,1737487461,1,,,,,,
27,1,34,1737488734,1,5.0,5.0,,,,
41,1,34,1737499613,1,5.0,5.0,,,,
41,1,34,1737508869,1,5.0,5.0,,,,
41,0,34,1737510446,1,,,,,,
37,0,27,1737513578,1,,,,,,
41,0,34,1737530888,1,,,,,,
34,1,27,1737536800,1,5.0,5.0,,,,
41,1,37,1737541522,1,5.0,5.0,,,,
37,0,34,1737547084,1,,,,,,
27,1,37,1737564252,1,5.0,5.0,,,,
41,1,0,1737599242,1,5.0,5.0,,,,
65,1,41,1738438967,1,5.0,5.0,,,,
65,0,41,1738714323,1,,,,,,
65,0,39,1738924418,1,,,,,,
65,0,41,1739119041,1,,,,,,
40,0,39,1739173708,1,,,,,,
40,1,39,1739198546,1,5.0,5.0,,,,
65,0,41,1739430212,1,,,,,,
40,0,41,1739505556,1,,,,,,
40,0,0,1739628073,1,,,,,,
41,0,39,1739710568,1,,,,,,
41,0,39,1739816110,1,,,,,,
67,0,39,1739817305,1,,,,,,
47,0,39,1739850042,1,,,,,,
39,0,66,1739888149,1,,,,,,
67,0,47,1739946143,1,,,,,,
41,1,0,1739956126,1,5.0,5.0,,,,
41,0,65,1740093479,1,,,,,,
67,0,39,1740138997,1,,,,,,
40,0,39,1740152535,1,,,,,,
67,0,47,1740173883,1,,,,,,
65,1,0,1740204214,1,5.0,5.0,,,,
41,1,40,1740228397,1,5.0,5.0,,,,
40,1,65,1740310368,1,5.0,5.0,,,,
65,1,0,1740397822,1,5.0,5.0,,,,
41,1,65,1740415525,1,5.0,5.0,,,,
41,1,39,1740499285,1,5.0,5.0,,,,
41,0,0,1740558234,1,,,,,,
39,0,47,1740659076,1,,,,,,
67,0,47,1740860382,1,,,,,,
40,0,39,1740952311,1,,,,,,
67,0,39,1740969326,1,,,,,,
47,0,39,1740969719,1,,,,,,
39,0,66,1740990086,1,,,,,,
47,0,39,1740994952,1,,,,,,
67,0,39,1741026340,1,,,,,,
41,1,0,1741030839,1,5.0,5.0,,,,
40,1,0,1741053417,1,5.0,5.0,,,,
67,0,39,1741082204,1,,,,,,
40,1,41,1741169252,1,5.0,5.0,,,,
41,1,40,1741176408,1,5.0,5.0,,,,
41,1,39,1741176604,1,5.0,5.0,,,,
47,0,39,1741281515,1,,,,,,
40,1,65,1741383332,1,5.0,5.0,,,,
65,1,40,1741396182,1,5.0,5.0,,,,
41,1,65,1741450949,1,5.0,5.0,,,,
39,0,47,1741485498,1,,,,,,
39,0,66,1741520722,1,,,,,,
41,1,65,1741682014,1,5.0,5.0,,,,
40,0,39,1741785359,1,,,,,,
40,1,65,1741856747,1,5.0,5.0,,,,
41,0,39,1741876143,1,,,,,,
65,1,0,1741886501,1,5.0,5.0,,,,
47,0,39,1741906619,1,,,,,,
65,0,0,1741930786,1,,,,,,
47,0,39,1742095660,1,,,,,,
39,0,66,1742209712,1,,,,,,
67,0,39,1742284292,1,,,,,,
39,0,66,1742408428,1,,,,,,
39,0,47,1742438514,1,,,,,,
41,1,65,1742585204,1,5.0,5.0,,,,
41,0,39,1742590375,1,,,,,,
41,0,39,1742641339,1,,,,,,
65,1,40,1742665398,1,5.0,5.0,,,,
40,0,0,1742674448,1,,,,,,
65,1,41,1742729890,1,5.0,5.0,,,,
41,1,39,1742870221,1,5.0,5.0,,,,
39,0,40,1742940191,1,,,,,,
67,0,39,1742942193,1,,,,,,
67,0,39,1742949165,1,,,,,,
40,1,41,1743004465,1,5.0,5.0,,,,
41,0,65,1743064202,1,,,,,,
47,0,39,1743216757,1,,,,,,
65,1,40,1743382040,1,5.0,5.0,,,,
40,1,0,1743685545,1,5.0,5.0,,,,
41,1,65,1743754338,1,5.0,5.0,,,,
47,0,39,1744070739,1,,,,,,
39,0,67,1744212133,1,,,,,,
41,0,40,1744301820,1,,,,,,
65,1,0,1744313574,1,5.0,5.0,,,,
40,1,39,1744432845,1,5.0,5.0,,,,
39,0,47,1744680664,1,,,,,,
40,0,65,1744707657,1,,,,,,
47,0,39,1744719076,1,,,,,,
41,0,65,1744842528,1,,,,,,
40,0,65,1744943675,1,,,,,,
39,0,67,1745003316,1,,,,,,
40,1,0,1745019139,1,5.0,5.0,,,,
47,0,67,1745032238,1,,,,,,
41,0,0,1745084966,1,,,,,,
39,0,67,1745228265,1,,,,,,
39,0,47,1745242634,1,,,,,,
67,0,39,1745254947,1,,,,,,
41,0,65,1745261808,1,,,,,,
39,0,47,1745267624,1,,,,,,
67,0,39,1745316468,1,,,,,,
39,0,67,1745356347,1,,,,,,
67,0,39,1745375212,1,,,,,,
41,0,65,1745417150,1,,,,,,
39,0,67,1745634001,1,,,,,,
40,1,39,1745799210,1,5.0,5.0,,,,
65,1,40,1745802326,1,5.0,5.0,,,,
47,0,39,1745803533,1,,,,,,
47,0,67,1745899965,1,,,,,,
47,0,39,1745911116,1,,,,,,
41,0,0,1745945647,1,,,,,,
39,0,47,1745966246,1,,,,,,
40,0,41,1746004734,1,,,,,,
65,1,39,1746203739,1,5.0,5.0,,,,
39,0,47,1746283041,1,,,,,,
40,0,0,1746292986,1,,,,,,
67,2,657187,1746418549,300,,,,,,
39,3,657187,1746418549,300,,,,,,
47,0,39,1746618664,1,,,,,,
47,0,67,1746625789,1,,,,,,
39,0,47,1746635961,1,,,,,,
39,0,67,1747018616,1,,,,,,
47,0,39,1747112714,1,,,,,,
67,0,39,1747196466,1,,,,,,
47,0,67,1747229446,1,,,,,,
39,0,67,1747772133,1,,,,,,
47,0,67,1747976236,1,,,,,,
47,0,39,1748098355,1,,,,,,
67,2,657187,1748522938,100,,,,,,
39,3,657187,1748522938,100,,,,,,
78,6,81,1748672806,2,3.0,1.0,,,,
67,2,657187,1748674368,100,,,,,,
39,3,657187,1748674368,100,,,,,,
67,0,39,1748715888,1,,,,,,
39,0,67,1748780004,1,,,,,,
80,6,70,1749191206,1,4.0,3.0,,,,
80,6,81,1749191206,3,3.0,1.0,,,,
27,1,34,1749218685,1,5.0,5.0,,,,
43,1,37,1749228338,1,3.0,5.0,,,,
47,0,39,1749233340,1,,,,,,
67,0,39,1749237039,1,,,,,,
34,1,37,1749238686,1,5.0,5.0,,,,
27,1,41,1749242863,1,5.0,5.0,,,,
27,1,56,1749245687,1,5.0,0.0,,,,
27,1,56,1749257632,1,5.0,0.0,,,,
41,1,34,1749275038,1,5.0,5.0,,,,
41,1,43,1749275604,1,5.0,3.0,,,,
57,0,27,1749283773,1,,,,,,
43,1,27,1749290613,1,3.0,5.0,,,,
58,0,37,1749316298,1,,,,,,
63,1,27,1749329699,1,4.0,5.0,,,,
41,1,57,1749345777,1,5.0,0.0,,,,
27,1,34,1749357788,1,5.0,5.0,,,,
77,6,70,1749364006,1,4.0,3.0,,,,
56,1,43,1749365942,1,0.0,3.0,,,,
63,0,34,1749366401,1,,,,,,
37,0,56,1749366642,1,,,,,,
58,0,43,1749370353,1,,,,,,
56,0,47,1749376997,1,,,,,,
63,1,37,1749382441,1,4.0,5.0,,,,
37,0,58,1749387831,1,,,,,,
56,1,37,1749391375,1,0.0,5.0,,,,
56,1,63,1749407522,1,0.0,4.0,,,,
34,1,43,1749420243,1,5.0,3.0,,,,
58,1,56,1749434950,1,4.0,0.0,,,,
57,0,43,1749444908,1,,,,,,
41,1,34,1749447699,1,5.0,5.0,,,,
47,1,27,1749519817,1,3.0,5.0,,,,
79,6,81,1749536806,1,3.0,1.0,,,,
56,1,34,1749545834,1,0.0,5.0,,,,
37,0,45,1749560628,1,,,,,,
56,1,63,1749564217,1,0.0,4.0,,,,
56,1,47,1749599077,1,0.0,3.0,,,,
41,0,63,1749620508,1,,,,,,
56,1,34,1749633659,1,0.0,5.0,,,,
27,1,47,1749637427,1,5.0,3.0,,,,
41,1,47,1749682497,1,5.0,3.0,,,,
41,1,57,1749688787,1,5.0,0.0,,,,
27,1,47,1749689463,1,5.0,3.0,,,,
41,0,45,1749691155,1,,,,,,
41,1,56,1749694009,1,5.0,0.0,,,,
41,0,43,1749703535,1,,,,,,
37,0,43,1749709602,1,,,,,,
37,0,27,1749712275,1,,,,,,
56,0,58,1749731701,1,,,,,,
47,1,27,1749733185,1,3.0,5.0,,,,
63,0,45,1749755170,1,,,,,,
63,0,56,1749780049,1,,,,,,
47,1,57,1749781145,1,3.0,0.0,,,,
47,1,45,1749791125,1,3.0,3.0,,,,
57,0,43,1749806959,1,,,,,,
34,1,63,1749816689,1,5.0,4.0,,,,
41,0,45,1749822010,1,,,,,,
27,1,57,1749827638,1,5.0,0.0,,,,
57,0,27,1749834005,1,,,,,,
58,0,27,1749857042,1,,,,,,
27,1,58,1749861187,1,5.0,4.0,,,,
27,1,41,1749870387,1,5.0,5.0,,,,
63,1,47,1749871034,1,4.0,3.0,,,,
41,1,63,1749880624,1,5.0,4.0,,,,
63,1,58,1749881217,1,4.0,4.0,,,,
37,0,63,1749884645,1,,,,,,
37,0,41,1749887094,1,,,,,,
27,1,34,1749888531,1,5.0,5.0,,,,
41,0,43,1749895012,1,,,,,,
56,0,34,1749907031,1,,,,,,
47,1,45,1749909884,1,3.0,3.0,,,,
63,1,37,1749924745,1,4.0,5.0,,,,
57,0,58,1749926497,1,,,,,,
58,0,63,1749932461,1,,,,,,
56,1,41,1749965321,1,0.0,5.0,,,,
58,0,43,1749987863,1,,,,,,
56,1,41,1750001495,1,0.0,5.0,,,,
47,0,39,1750010911,1,,,,,,
41,1,45,1750036646,1,5.0,3.0,,,,
41,1,27,1750039787,1,5.0,5.0,,,,
58,0,37,1750051925,1,,,,,,
47,0,39,1750099008,1,,,,,,
58,0,34,1750123939,1,,,,,,
63,1,56,1750127953,1,4.0,0.0,,,,
79,6,70,1750141606,3,4.0,3.0,,,,
63,0,58,1750143184,1,,,,,,
57,0,34,1750159176,1,,,,,,
34,1,63,1750170987,1,5.0,4.0,,,,
27,1,37,1750186524,1,5.0,5.0,,,,
63,1,56,1750191782,1,4.0,0.0,,,,
56,0,57,1750237786,1,,,,,,
56,1,58,1750280756,1,0.0,4.0,,,,
58,0,34,1750285182,1,,,,,,
58,0,47,1750289884,1,,,,,,
56,0,57,1750303179,1,,,,,,
63,1,56,1750303899,1,4.0,0.0,,,,
34,0,58,1750312250,1,,,,,,
77,6,81,1750314406,2,3.0,1.0,,,,
58,0,27,1750323715,1,,,,,,
58,0,43,1750361340,1,,,,,,
47,0,58,1750362222,1,,,,,,
58,1,43,1750363414,1,4.0,3.0,,,,
37,0,47,1750394584,1,,,,,,
58,0,56,1750403712,1,,,,,,
63,1,56,1750404392,1,4.0,0.0,,,,
57,0,34,1750429143,1,,,,,,
41,1,63,1750449497,1,5.0,4.0,,,,
63,1,41,1750457322,1,4.0,5.0,,,,
57,0,45,1750460034,1,,,,,,
58,1,37,1750472751,1,4.0,5.0,,,,
63,1,45,1750476893,1,4.0,3.0,,,,
63,1,27,1750476974,1,4.0,5.0,,,,
67,0,39,1750496143,1,,,,,,
56,0,41,1750526782,1,,,,,,
67,2,657187,1750528369,300,,,,,,
39,3,657187,1750528369,300,,,,,,
58,0,47,1750580812,1,,,,,,
37,0,45,1750612070,1,,,,,,
41,0,56,1750659844,1,,,,,,
58,0,56,1750681867,1,,,,,,
37,0,45,1750683863,1,,,,,,
56,1,45,1750684656,1,0.0,3.0,,,,
63,0,47,1750702608,1,,,,,,
27,1,43,1750719404,1,5.0,3.0,,,,
63,1,37,1750720345,1,4.0,5.0,,,,
37,0,45,1750721100,1,,,,,,
37,0,63,1750739005,1,,,,,,
57,0,41,1750750103,1,,,,,,
45,1,43,1750759491,1,3.0,3.0,,,,
34,1,56,1750778765,1,5.0,0.0,,,,
34,1,58,1750784582,1,5.0,4.0,,,,
63,1,58,1750865460,1,4.0,4.0,,,,
41,1,27,1750867598,1,5.0,5.0,,,,
56,1,45,1750869840,1,0.0,3.0,,,,
34,1,41,1750876608,1,5.0,5.0,,,,
47,1,57,1750881597,1,3.0,0.0,,,,
63,1,43,1750897959,1,4.0,3.0,,,,
56,0,37,1750898817,1,,,,,,
47,1,56,1750904695,1,3.0,0.0,,,,
78,6,70,1750919206,4,4.0,3.0,,,,
58,0,56,1750928953,1,,,,,,
41,1,57,1750959571,1,5.0,0.0,,,,
41,1,58,1750969828,1,5.0,4.0,,,,
27,1,45,1750992008,1,5.0,3.0,,,,
41,1,37,1751002423,1,5.0,5.0,,,,
41,0,43,1751045005,1,,,,,,
63,0,58,1751102630,1,,,,,,
41,0,57,1751145462,1,,,,,,
37,1,34,1751159278,1,5.0,5.0,,,,
41,1,56,1751164340,1,5.0,0.0,,,,
27,1,58,1751169442,1,5.0,4.0,,,,
41,0,63,1751179840,1,,,,,,
27,1,43,1751190629,1,5.0,3.0,,,,
41,1,27,1751199702,1,5.0,5.0,,,,
45,1,56,1751226608,1,3.0,0.0,,,,
37,0,63,1751232465,1,,,,,,
63,1,47,1751239155,1,4.0,3.0,,,,
34,1,45,1751285274,1,5.0,3.0,,,,
34,1,27,1751289688,1,5.0,5.0,,,,
56,1,43,1751291870,1,0.0,3.0,,,,
41,0,37,1751293586,1,,,,,,
58,0,27,1751296678,1,,,,,,
57,0,41,1751298950,1,,,,,,
37,0,63,1751313757,1,,,,,,
45,1,63,1751349965,1,3.0,4.0,,,,
57,0,63,1751350553,1,,,,,,
41,0,63,1751356227,1,,,,,,
67,2,657187,1751375018,600,,,,,,
39,3,657187,1751375018,600,,,,,,
27,1,41,1751381380,1,5.0,5.0,,,,
57,0,37,1751398263,1,,,,,,
56,1,43,1751422547,1,0.0,3.0,,,,
57,0,43,1751483837,1,,,,,,
47,0,56,1751489087,1,,,,,,
63,0,45,1751493492,1,,,,,,
56,1,34,1751589919,1,0.0,5.0,,,,
39,0,67,1751639066,1,,,,,,
67,0,39,1751748135,1,,,,,,
78,6,69,1751783206,1,2.0,4.0,,,,
79,6,69,1751956006,3,2.0,4.0,,,,
67,2,657187,1752150593,300,,,,,,
39,3,657187,1752150593,300,,,,,,
67,2,657187,1752177649,600,,,,,,
39,3,657187,1752177649,600,,,,,,
80,6,76,1752474406,3,1.0,2.0,,,,
77,6,76,1752560806,1,1.0,2.0,,,,
78,6,76,1752560806,4,1.0,2.0,,,,
77,6,69,1752560806,4,2.0,4.0,,,,
79,6,76,1752733606,2,1.0,2.0,,,,
80,6,69,1752733606,5,2.0,4.0,,,,
82,6,69,1753770406,5,2.0,4.0,,,,
39,0,67,1753785402,1,,,,,,
67,0,39,1754006610,1,,,,,,
67,2,657187,1754194921,800,,,,,,
39,3,657187,1754194921,800,,,,,,
83,6,69,1754461606,1,2.0,4.0,,,,
67,0,39,1754477229,1,,,,,,
84,6,69,1754548006,1,2.0,4.0,,,,
73,6,70,1754893606,3,0.0,3.0,,,,
67,0,39,1755209739,1,,,,,,
75,6,70,1755584806,5,0.0,3.0,,,,
75,6,76,1755757606,4,3.0,2.0,,,,
39,0,67,1756029644,1,,,,,,
73,6,76,1756103206,4,3.0,2.0,,,,
74,6,70,1756535206,1,0.0,3.0,,,,
67,2,657187,1756548464,300,,,,,,
39,3,657187,1756548464,300,,,,,,
74,6,76,1756621606,1,3.0,2.0,,,,
67,0,39,1756715918,1,,,,,,
67,0,39,1757133421,1,,,,,,
39,0,67,1757233309,1,,,,,,
67,0,39,1757923004,1,,,,,,
74,6,71,1758695206,2,2.0,0.0,,,,
75,6,71,1758781606,1,2.0,0.0,,,,
58,0,63,1758808658,1,,,,,,
73,6,71,1758868006,2,2.0,0.0,,,,
41,0,63,1758869611,1,,,,,,
39,0,67,1758995063,1,,,,,,
58,0,41,1759011943,1,,,,,,
63,0,58,1759014056,1,,,,,,
63,0,41,1759131123,1,,,,,,
63,0,41,1759162280,1,,,,,,
63,0,58,1759349374,1,,,,,,
58,0,63,1759383185,1,,,,,,
63,0,58,1759626738,1,,,,,,
41,1,58,1759668268,1,5.0,4.0,,,,
45,1,47,1759700729,1,3.0,3.0,,,,
45,1,43,1759703993,1,3.0,3.0,,,,
45,1,58,1759752301,1,3.0,4.0,,,,
63,1,58,1759764322,1,4.0,4.0,,,,
63,0,41,1759768813,1,,,,,,
43,0,45,1759772111,1,,,,,,
63,1,58,1759782859,1,4.0,4.0,,,,
43,1,45,1759799055,1,3.0,3.0,,,,
43,0,47,1759823379,1,,,,,,
39,0,67,1759826783,1,,,,,,
63,0,41,1759838351,1,,,,,,
43,0,47,1759858791,1,,,,,,
43,0,41,1759889081,1,,,,,,
41,1,58,1759901347,1,5.0,4.0,,,,
41,1,45,1759912824,1,5.0,3.0,,,,
41,1,63,1759916502,1,5.0,4.0,,,,
58,1,47,1759940465,1,4.0,3.0,,,,
45,1,63,1759949628,1,3.0,4.0,,,,
41,1,58,1759980962,1,5.0,4.0,,,,
63,0,41,1759991887,1,,,,,,
63,0,58,1759995080,1,,,,,,
41,1,45,1760022352,1,5.0,3.0,,,,
63,1,58,1760071974,1,4.0,4.0,,,,
58,0,63,1760102255,1,,,,,,
63,0,47,1760170621,1,,,,,,
45,1,58,1760175005,1,3.0,4.0,,,,
41,1,58,1760200363,1,5.0,4.0,,,,
45,1,47,1760207216,1,3.0,3.0,,,,
43,1,58,1760231988,1,3.0,4.0,,,,
39,0,67,1760315530,1,,,,,,
45,1,41,1760339750,1,3.0,5.0,,,,
43,1,41,1760378830,1,3.0,5.0,,,,
41,1,43,1760385423,1,5.0,3.0,,,,
58,0,63,1760387914,1,,,,,,
63,0,58,1760412689,1,,,,,,
43,1,45,1760450007,1,3.0,3.0,,,,
47,1,58,1760465378,1,3.0,4.0,,,,
41,1,63,1760478190,1,5.0,4.0,,,,
63,1,58,1760493401,1,4.0,4.0,,,,
63,0,45,1760526246,1,,,,,,
41,1,47,1760531918,1,5.0,3.0,,,,
63,0,41,1760580944,1,,,,,,
45,1,47,1760589521,1,3.0,3.0,,,,
63,1,41,1760659759,1,4.0,5.0,,,,
43,1,45,1760664902,1,3.0,3.0,,,,
47,0,63,1760761624,1,,,,,,
47,0,63,1760823227,1,,,,,,
63,0,47,1760845016,1,,,,,,
43,0,63,1760860835,1,,,,,,
43,0,45,1760882747,1,,,,,,
47,0,63,1760903331,1,,,,,,
47,0,41,1760946107,1,,,,,,
43,0,41,1760957400,1,,,,,,
41,1,45,1760973650,1,5.0,3.0,,,,
39,6,70,1761028006,3,4.0,3.0,,,,
63,0,58,1761036254,1,,,,,,
63,1,43,1761036958,1,4.0,3.0,,,,
47,0,58,1761037422,1,,,,,,
63,0,41,1761052731,1,,,,,,
63,1,58,1761060090,1,4.0,4.0,,,,
45,1,47,1761063834,1,3.0,3.0,,,,
41,1,58,1761081735,1,5.0,4.0,,,,
63,0,45,1761087549,1,,,,,,
41,1,47,1761103036,1,5.0,3.0,,,,
63,0,41,1761110727,1,,,,,,
41,1,45,1761118666,1,5.0,3.0,,,,
63,0,58,1761137016,1,,,,,,
43,0,58,1761144095,1,,,,,,
45,1,43,1761155273,1,3.0,3.0,,,,
41,1,63,1761156341,1,5.0,4.0,,,,
43,0,47,1761174515,1,,,,,,
58,1,45,1761175574,1,4.0,3.0,,,,
58,1,45,1761207446,1,4.0,3.0,,,,
63,0,43,1761251693,1,,,,,,
43,0,45,1761262195,1,,,,,,
43,0,41,1761268289,1,,,,,,
43,0,45,1761287181,1,,,,,,
43,0,63,1761290653,1,,,,,,
63,0,43,1761308204,1,,,,,,
45,1,58,1761317565,1,3.0,4.0,,,,
47,0,43,1761353540,1,,,,,,
47,0,63,1761364022,1,,,,,,
58,0,63,1761382604,1,,,,,,
58,0,41,1761388679,1,,,,,,
41,1,47,1761405203,1,5.0,3.0,,,,
63,1,41,1761424441,1,4.0,5.0,,,,
47,1,63,1761441759,1,3.0,4.0,,,,
58,1,43,1761445589,1,4.0,3.0,,,,
40,6,70,1761460006,3,4.0,3.0,,,,
63,1,41,1761507524,1,4.0,5.0,,,,
41,1,43,1761513705,1,5.0,3.0,,,,
58,0,47,1761515367,1,,,,,,
41,1,47,1761520828,1,5.0,3.0,,,,
63,0,45,1761526193,1,,,,,,
43,0,63,1761529345,1,,,,,,
43,1,45,1761548111,1,3.0,3.0,,,,
43,0,47,1761554013,1,,,,,,
63,0,58,1761567505,1,,,,,,
47,0,58,1761579643,1,,,,,,
47,0,45,1761589360,1,,,,,,
40,6,69,1761632806,1,5.0,4.0,,,,
41,6,70,1761632806,3,4.0,3.0,,,,
41,1,58,1761725347,1,5.0,4.0,,,,
43,0,63,1761741382,1,,,,,,
63,1,58,1761751769,1,4.0,4.0,,,,
58,0,63,1761793062,1,,,,,,
63,0,45,1761801561,1,,,,,,
43,1,47,1761830204,1,3.0,3.0,,,,
63,1,41,1761841579,1,4.0,5.0,,,,
41,1,58,1761843989,1,5.0,4.0,,,,
43,1,45,1761864239,1,3.0,3.0,,,,
41,1,63,1761900656,1,5.0,4.0,,,,
41,1,47,1761900928,1,5.0,3.0,,,,
47,0,63,1761912237,1,,,,,,
47,0,41,1761932901,1,,,,,,
41,1,58,1761963309,1,5.0,4.0,,,,
63,0,58,1762011469,1,,,,,,
45,1,63,1762012255,1,3.0,4.0,,,,
47,0,58,1762029289,1,,,,,,
47,0,58,1762043153,1,,,,,,
47,0,58,1762047470,1,,,,,,
39,6,69,1762064806,2,5.0,4.0,,,,
41,1,63,1762066178,1,5.0,4.0,,,,
63,0,41,1762085513,1,,,,,,
41,6,69,1762151206,3,5.0,4.0,,,,
41,1,63,1762167227,1,5.0,4.0,,,,
34,0,27,1762951309,1,,,,,,
37,1,27,1762952421,1,5.0,5.0,,,,
34,0,37,1762957196,1,,,,,,
34,0,37,1762957425,1,,,,,,
34,0,27,1762957658,1,,,,,,
37,0,41,1762957958,1,,,,,,
34,0,37,1762963129,1,,,,,,
34,0,41,1762964908,1,,,,,,
27,1,37,1762966588,1,5.0,5.0,,,,
41,1,56,1762968680,1,5.0,0.0,,,,
27,0,37,1762970902,1,,,,,,
37,1,27,1762974291,1,5.0,5.0,,,,
56,0,57,1762974394,1,,,,,,
34,0,41,1762976485,1,,,,,,
37,0,41,1762978057,1,,,,,,
27,0,34,1762981386,1,,,,,,
34,0,37,1762981474,1,,,,,,
27,0,41,1762983089,1,,,,,,
27,0,37,1762990237,1,,,,,,
56,0,57,1762990573,1,,,,,,
37,1,27,1762991225,1,5.0,5.0,,,,
27,1,41,1762991338,1,5.0,5.0,,,,
34,0,37,1762991414,1,,,,,,
27,1,37,1762998401,1,5.0,5.0,,,,
41,0,27,1763001295,1,,,,,,
27,1,34,1763002527,1,5.0,5.0,,,,
27,0,41,1763004866,1,,,,,,
37,0,27,1763005194,1,,,,,,
34,0,37,1763006447,1,,,,,,
37,1,41,1763006746,1,5.0,5.0,,,,
27,0,37,1763007785,1,,,,,,
34,0,27,1763011617,1,,,,,,
27,1,37,1763012284,1,5.0,5.0,,,,
27,1,37,1763015756,1,5.0,5.0,,,,
27,0,37,1763018064,1,,,,,,
27,1,34,1763021721,1,5.0,5.0,,,,
41,1,57,1763023083,1,5.0,0.0,,,,
27,1,34,1763023286,1,5.0,5.0,,,,
37,1,34,1763026595,1,5.0,5.0,,,,
27,0,37,1763027524,1,,,,,,
56,0,57,1763206806,1,,,,,,
56,0,57,1763256012,1,,,,,,
57,1,41,1763266479,1,0.0,5.0,,,,
56,0,41,1763297601,1,,,,,,
41,0,56,1763328326,1,,,,,,
56,0,57,1763382976,1,,,,,,
41,0,57,1763412234,1,,,,,,
56,0,41,1763412540,1,,,,,,
56,0,41,1763491068,1,,,,,,
40,6,71,1763533606,6,3.0,0.0,,,,
40,6,72,1763533606,3,0.0,5.0,,,,
41,0,56,1763539185,1,,,,,,
41,1,56,1763547291,1,5.0,0.0,,,,
57,1,41,1763547777,1,0.0,5.0,,,,
41,1,56,1763613880,1,5.0,0.0,,,,
41,6,71,1763620006,4,3.0,0.0,,,,
41,1,57,1763635618,1,5.0,0.0,,,,
41,1,57,1763668274,1,5.0,0.0,,,,
56,0,41,1763702675,1,,,,,,
56,0,57,1763711345,1,,,,,,
57,1,56,1763741892,1,0.0,0.0,,,,
41,1,56,1763749002,1,5.0,0.0,,,,
56,0,41,1763855874,1,,,,,,
39,6,71,1763879206,1,3.0,0.0,,,,
41,1,56,1763879242,1,5.0,0.0,,,,
41,0,56,1763880178,1,,,,,,
57,1,41,1763913891,1,0.0,5.0,,,,
41,0,56,1763948412,1,,,,,,
57,1,56,1763953405,1,0.0,0.0,,,,
41,6,72,1763965606,6,0.0,5.0,,,,
56,0,57,1763997180,1,,,,,,
56,0,41,1764034328,1,,,,,,
56,0,57,1764049961,1,,,,,,
39,6,72,1764052006,3,0.0,5.0,,,,
41,1,57,1764059369,1,5.0,0.0,,,,
57,1,56,1764105175,1,0.0,0.0,,,,
41,0,57,1764121588,1,,,,,,
87,6,71,1764743206,2,1.0,0.0,,,,
85,6,81,1765002406,1,5.0,1.0,,,,
85,6,71,1765693606,4,1.0,0.0,,,,
86,6,71,1766298406,5,1.0,0.0,,,,
86,6,81,1766903206,3,5.0,1.0,,,,
87,6,81,1766903206,2,5.0,1.0,,,,
87,6,72,1766953606,1,3.0,5.0,,,,
86,6,70,1767299206,2,0.0,3.0,,,,
87,6,70,1767472006,1,0.0,3.0,,,,
85,6,70,1767558406,1,0.0,3.0,,,,
85,6,72,1767731206,3,3.0,5.0,,,,
86,6,72,1767904006,3,3.0,5.0,,,,
2,5,630626,1768435200,5000,,,,,,
2,5,536346,1768435200,1000,,,,,,
510031,5,2,1768435200,600,,,,,,
2,5,520660,1768435200,3000,,,,,,
552988,5,2,1768435200,40000,,,,,,
2,5,567195,1768435200,4000,,,,,,
2,5,527449,1768435200,100,,,,,,
2,5,459381,1768435200,900,,,,,,
2,5,595298,1768435200,2000,,,,,,
2,5,466907,1768435200,600,,,,,,
2,5,589943,1768435200,2000,,,,,,
2,5,577992,1768435200,3000,,,,,,
2,5,537281,1768435200,400,,,,,,
2,5,523927,1768435200,200,,,,,,
2,5,580426,1768435200,1000,,,,,,
2,5,595581,1768435200,3000,,,,,,
2,5,642329,1768435200,1000,,,,,,
2,5,503701,1768435200,1000,,,,,,
2,5,571970,1768435200,20,,,,,,
2,5,644226,1768435200,500,,,,,,
2,5,632961,1768435200,10,,,,,,
2,5,473173,1768435200,2000,,,,,,
2,5,620120,1768435200,5000,,,,,,
2,5,621924,1768435200,700,,,,,,
27,5,630626,1768435200,6000,,,,,,
27,5,536346,1768435200,900,,,,,,
510031,5,27,1768435200,1000,,,,,,
27,5,520660,1768435200,6000,,,,,,
552988,5,27,1768435200,50000,,,,,,
27,5,567195,1768435200,5000,,,,,,
27,5,527449,1768435200,400,,,,,,
27,5,459381,1768435200,700,,,,,,
27,5,595298,1768435200,700,,,,,,
27,5,466907,1768435200,600,,,,,,
27,5,589943,1768435200,5000,,,,,,
27,5,577992,1768435200,2000,,,,,,
27,5,537281,1768435200,50,,,,,,
27,5,595581,1768435200,1000,,,,,,
27,5,616315,1768435200,800,,,,,,
27,5,642329,1768435200,2000,,,,,,
27,5,503701,1768435200,4000,,,,,,
27,5,644226,1768435200,800,,,,,,
27,5,632961,1768435200,300,,,,,,
27,5,473173,1768435200,700,,,,,,
27,5,620120,1768435200,9000,,,,,,
29,5,630626,1768435200,6000,,,,,,
29,5,536346,1768435200,1000,,,,,,
552988,5,29,1768435200,30000,,,,,,
29,5,567195,1768435200,4000,,,,,,
29,5,527449,1768435200,200,,,,,,
29,5,459381,1768435200,600,,,,,,
29,5,595298,1768435200,1000,,,,,,
29,5,466907,1768435200,800,,,,,,
29,5,589943,1768435200,2000,,,,,,
29,5,577992,1768435200,2000,,,,,,
29,5,537281,1768435200,200,,,,,,
29,5,595581,1768435200,500,,,,,,
29,5,616315,1768435200,400,,,,,,
29,5,642329,1768435200,100,,,,,,
29,5,503701,1768435200,1000,,,,,,
29,5,644226,1768435200,200,,,,,,
29,5,632961,1768435200,500,,,,,,
29,5,473173,1768435200,1000,,,,,,
29,5,620120,1768435200,6000,,,,,,
29,5,575030,1768435200,8000,,,,,,
29,5,621924,1768435200,400,,,,,,
31,5,503218,1768435200,500,,,,,,
31,5,630626,1768435200,4000,,,,,,
31,5,536346,1768435200,1000,,,,,,
31,5,520660,1768435200,2000,,,,,,
552988,5,31,1768435200,9000,,,,,,
31,5,567195,1768435200,1000,,,,,,
31,5,527449,1768435200,400,,,,,,
31,5,459381,1768435200,500,,,,,,
31,5,595298,1768435200,1000,,,,,,
31,5,466907,1768435200,400,,,,,,
31,5,577992,1768435200,70,,,,,,
31,5,537281,1768435200,600,,,,,,
31,5,580426,1768435200,200,,,,,,
31,5,595581,1768435200,200,,,,,,
31,5,616315,1768435200,500,,,,,,
31,5,642329,1768435200,200,,,,,,
31,5,503701,1768435200,2000,,,,,,
31,5,644226,1768435200,1000,,,,,,
31,5,632961,1768435200,300,,,,,,
31,5,473173,1768435200,2000,,,,,,
31,5,620120,1768435200,700,,,,,,
31,5,575030,1768435200,5000,,,,,,
31,5,621924,1768435200,900,,,,,,
33,5,630626,1768435200,5000,,,,,,
510031,5,33,1768435200,400,,,,,,
552988,5,33,1768435200,40000,,,,,,
33,5,567195,1768435200,2000,,,,,,
33,5,527449,1768435200,500,,,,,,
33,5,459381,1768435200,100,,,,,,
33,5,595298,1768435200,3000,,,,,,
33,5,466907,1768435200,500,,,,,,
33,5,577992,1768435200,400,,,,,,
33,5,537281,1768435200,200,,,,,,
33,5,523927,1768435200,3000,,,,,,
33,5,580426,1768435200,2000,,,,,,
33,5,595581,1768435200,2000,,,,,,
33,5,616315,1768435200,3000,,,,,,
33,5,642329,1768435200,900,,,,,,
33,5,503701,1768435200,900,,,,,,
33,5,632961,1768435200,500,,,,,,
33,5,473173,1768435200,3000,,,,,,
33,5,620120,1768435200,10000,,,,,,
33,5,575030,1768435200,4000,,,,,,
33,5,621924,1768435200,2000,,,,,,
34,5,630626,1768435200,3000,,,,,,
552988,5,34,1768435200,10000,,,,,,
34,5,567195,1768435200,1000,,,,,,
34,5,527449,1768435200,200,,,,,,
34,5,459381,1768435200,200,,,,,,
34,5,595298,1768435200,40,,,,,,
34,5,589943,1768435200,300,,,,,,
34,5,537281,1768435200,600,,,,,,
34,5,523927,1768435200,2000,,,,,,
34,5,580426,1768435200,100,,,,,,
34,5,595581,1768435200,800,,,,,,
34,5,616315,1768435200,100,,,,,,
34,5,642329,1768435200,1000,,,,,,
34,5,503701,1768435200,3000,,,,,,
34,5,632961,1768435200,400,,,,,,
34,5,473173,1768435200,2000,,,,,,
34,5,620120,1768435200,1000,,,,,,
34,5,575030,1768435200,4000,,,,,,
34,5,621924,1768435200,30,,,,,,
35,5,630626,1768435200,6000,,,,,,
552988,5,35,1768435200,40000,,,,,,
35,5,567195,1768435200,6000,,,,,,
35,5,527449,1768435200,80,,,,,,
35,5,459381,1768435200,600,,,,,,
35,5,595298,1768435200,1000,,,,,,
35,5,466907,1768435200,700,,,,,,
35,5,589943,1768435200,1000,,,,,,
35,5,537281,1768435200,1000,,,,,,
35,5,523927,1768435200,3000,,,,,,
35,5,642329,1768435200,2000,,,,,,
35,5,503701,1768435200,200,,,,,,
35,5,571970,1768435200,40,,,,,,
35,5,632961,1768435200,600,,,,,,
35,5,473173,1768435200,100,,,,,,
35,5,620120,1768435200,6000,,,,,,
35,5,575030,1768435200,6000,,,,,,
36,5,630626,1768435200,3000,,,,,,
510031,5,36,1768435200,1000,,,,,,
552988,5,36,1768435200,10000,,,,,,
36,5,567195,1768435200,1000,,,,,,
36,5,527449,1768435200,200,,,,,,
36,5,459381,1768435200,500,,,,,,
36,5,595298,1768435200,2000,,,,,,
36,5,466907,1768435200,300,,,,,,
36,5,589943,1768435200,1000,,,,,,
36,5,537281,1768435200,400,,,,,,
36,5,523927,1768435200,400,,,,,,
36,5,580426,1768435200,100,,,,,,
36,5,616315,1768435200,500,,,,,,
36,5,642329,1768435200,700,,,,,,
36,5,503701,1768435200,3000,,,,,,
36,5,571970,1768435200,200,,,,,,
36,5,632961,1768435200,500,,,,,,
36,5,473173,1768435200,2000,,,,,,
620120,5,36,1768435200,700,,,,,,
36,5,575030,1768435200,9000,,,,,,
37,5,630626,1768435200,2000,,,,,,
37,5,536346,1768435200,800,,,,,,
552988,5,37,1768435200,20000,,,,,,
37,5,567195,1768435200,5000,,,,,,
37,5,527449,1768435200,400,,,,,,
37,5,459381,1768435200,200,,,,,,
37,5,595298,1768435200,2000,,,,,,
37,5,466907,1768435200,500,,,,,,
37,5,577992,1768435200,2000,,,,,,
37,5,523927,1768435200,1000,,,,,,
37,5,616315,1768435200,50,,,,,,
37,5,503701,1768435200,2000,,,,,,
37,5,571970,1768435200,60,,,,,,
37,5,644226,1768435200,1000,,,,,,
37,5,632961,1768435200,300,,,,,,
37,5,473173,1768435200,2000,,,,,,
620120,5,37,1768435200,800,,,,,,
37,5,621924,1768435200,300,,,,,,
38,5,630626,1768435200,600,,,,,,
510031,5,38,1768435200,70,,,,,,
552988,5,38,1768435200,20000,,,,,,
38,5,567195,1768435200,3000,,,,,,
38,5,527449,1768435200,300,,,,,,
38,5,459381,1768435200,200,,,,,,
38,5,595298,1768435200,1000,,,,,,
38,5,466907,1768435200,600,,,,,,
38,5,589943,1768435200,600,,,,,,
38,5,577992,1768435200,1000,,,,,,
38,5,523927,1768435200,1000,,,,,,
38,5,580426,1768435200,70,,,,,,
38,5,595581,1768435200,500,,,,,,
38,5,616315,1768435200,800,,,,,,
38,5,503701,1768435200,2000,,,,,,
38,5,571970,1768435200,60,,,,,,
38,5,632961,1768435200,200,,,,,,
38,5,473173,1768435200,2000,,,,,,
620120,5,38,1768435200,400,,,,,,
552988,5,39,1768435200,5000,,,,,,
39,5,527449,1768435200,200,,,,,,
39,5,459381,1768435200,200,,,,,,
39,5,595298,1768435200,1000,,,,,,
39,5,577992,1768435200,2000,,,,,,
39,5,537281,1768435200,300,,,,,,
39,5,523927,1768435200,2000,,,,,,
39,5,595581,1768435200,200,,,,,,
39,5,642329,1768435200,900,,,,,,
39,5,503701,1768435200,2000,,,,,,
39,5,571970,1768435200,90,,,,,,
39,5,473173,1768435200,800,,,,,,
39,5,620120,1768435200,1000,,,,,,
39,5,575030,1768435200,300,,,,,,
39,5,621924,1768435200,3000,,,,,,
40,5,503218,1768435200,500,,,,,,
510031,5,40,1768435200,800,,,,,,
552988,5,40,1768435200,10000,,,,,,
40,5,567195,1768435200,700,,,,,,
40,5,527449,1768435200,100,,,,,,
40,5,459381,1768435200,400,,,,,,
40,5,595298,1768435200,1000,,,,,,
40,5,466907,1768435200,500,,,,,,
40,5,589943,1768435200,600,,,,,,
40,5,577992,1768435200,1000,,,,,,
40,5,537281,1768435200,1000,,,,,,
40,5,580426,1768435200,100,,,,,,
40,5,595581,1768435200,400,,,,,,
40,5,616315,1768435200,300,,,,,,
40,5,642329,1768435200,70,,,,,,
40,5,503701,1768435200,2000,,,,,,
40,5,571970,1768435200,300,,,,,,
40,5,473173,1768435200,2000,,,,,,
620120,5,40,1768435200,300,,,,,,
40,5,575030,1768435200,8000,,,,,,
510031,5,41,1768435200,300,,,,,,
552988,5,41,1768435200,9000,,,,,,
41,5,567195,1768435200,1000,,,,,,
41,5,527449,1768435200,100,,,,,,
41,5,459381,1768435200,500,,,,,,
41,5,595298,1768435200,1000,,,,,,
41,5,466907,1768435200,70,,,,,,
41,5,589943,1768435200,2000,,,,,,
41,5,537281,1768435200,40,,,,,,
41,5,580426,1768435200,500,,,,,,
41,5,616315,1768435200,400,,,,,,
41,5,503701,1768435200,800,,,,,,
41,5,571970,1768435200,100,,,,,,
41,5,632961,1768435200,40,,,,,,
41,5,473173,1768435200,30,,,,,,
41,5,620120,1768435200,2000,,,,,,
41,5,575030,1768435200,400,,,,,,
552988,5,42,1768435200,10000,,,,,,
42,5,567195,1768435200,700,,,,,,
42,5,527449,1768435200,200,,,,,,
42,5,459381,1768435200,700,,,,,,
42,5,595298,1768435200,2000,,,,,,
42,5,466907,1768435200,700,,,,,,
42,5,589943,1768435200,900,,,,,,
42,5,537281,1768435200,500,,,,,,
42,5,523927,1768435200,1000,,,,,,
42,5,595581,1768435200,300,,,,,,
42,5,616315,1768435200,600,,,,,,
42,5,642329,1768435200,800,,,,,,
42,5,503701,1768435200,1000,,,,,,
42,5,571970,1768435200,100,,,,,,
42,5,632961,1768435200,200,,,,,,
42,5,473173,1768435200,3000,,,,,,
42,5,620120,1768435200,400,,,,,,
42,5,621924,1768435200,600,,,,,,
43,5,503218,1768435200,700,,,,,,
510031,5,43,1768435200,20,,,,,,
552988,5,43,1768435200,10000,,,,,,
43,5,567195,1768435200,400,,,,,,
43,5,527449,1768435200,100,,,,,,
43,5,459381,1768435200,400,,,,,,
43,5,595298,1768435200,1000,,,,,,
43,5,466907,1768435200,300,,,,,,
43,5,589943,1768435200,500,,,,,,
43,5,537281,1768435200,80,,,,,,
43,5,523927,1768435200,2000,,,,,,
43,5,580426,1768435200,500,,,,,,
43,5,616315,1768435200,1000,,,,,,
43,5,503701,1768435200,400,,,,,,
43,5,571970,1768435200,70,,,,,,
43,5,632961,1768435200,70,,,,,,
43,5,473173,1768435200,300,,,,,,
43,5,620120,1768435200,2000,,,,,,
43,5,575030,1768435200,6000,,,,,,
44,5,630626,1768435200,6000,,,,,,
552988,5,44,1768435200,200000,,,,,,
44,5,567195,1768435200,6000,,,,,,
44,5,527449,1768435200,400,,,,,,
44,5,459381,1768435200,800,,,,,,
44,5,595298,1768435200,500,,,,,,
44,5,466907,1768435200,1000,,,,,,
44,5,589943,1768435200,3000,,,,,,
44,5,577992,1768435200,2000,,,,,,
44,5,523927,1768435200,5000,,,,,,
44,5,616315,1768435200,9000,,,,,,
44,5,642329,1768435200,900,,,,,,
44,5,571970,1768435200,200,,,,,,
44,5,632961,1768435200,400,,,,,,
44,5,473173,1768435200,2000,,,,,,
44,5,620120,1768435200,4000,,,,,,
44,5,575030,1768435200,7000,,,,,,
45,5,630626,1768435200,6000,,,,,,
45,5,536346,1768435200,2,,,,,,
510031,5,45,1768435200,4000,,,,,,
45,5,520660,1768435200,3000,,,,,,
552988,5,45,1768435200,40000,,,,,,
45,5,567195,1768435200,10000,,,,,,
45,5,527449,1768435200,200,,,,,,
45,5,459381,1768435200,800,,,,,,
45,5,595298,1768435200,3000,,,,,,
45,5,466907,1768435200,700,,,,,,
45,5,589943,1768435200,3000,,,,,,
45,5,577992,1768435200,1000,,,,,,
45,5,523927,1768435200,1000,,,,,,
45,5,580426,1768435200,200,,,,,,
45,5,595581,1768435200,4000,,,,,,
45,5,616315,1768435200,600,,,,,,
45,5,642329,1768435200,3000,,,,,,
45,5,571970,1768435200,60,,,,,,
45,5,644226,1768435200,800,,,,,,
45,5,632961,1768435200,300,,,,,,
45,5,473173,1768435200,900,,,,,,
45,5,620120,1768435200,8000,,,,,,
45,5,575030,1768435200,6000,,,,,,
45,5,621924,1768435200,2000,,,,,,
46,5,630626,1768435200,3000,,,,,,
46,5,536346,1768435200,2000,,,,,,
46,5,520660,1768435200,3000,,,,,,
552988,5,46,1768435200,30000,,,,,,
46,5,567195,1768435200,700,,,,,,
46,5,527449,1768435200,50,,,,,,
46,5,459381,1768435200,200,,,,,,
46,5,595298,1768435200,5000,,,,,,
46,5,466907,1768435200,500,,,,,,
46,5,537281,1768435200,200,,,,,,
46,5,523927,1768435200,600,,,,,,
46,5,580426,1768435200,700,,,,,,
46,5,595581,1768435200,600,,,,,,
46,5,616315,1768435200,700,,,,,,
46,5,503701,1768435200,2000,,,,,,
46,5,644226,1768435200,2000,,,,,,
46,5,632961,1768435200,70,,,,,,
46,5,473173,1768435200,1000,,,,,,
46,5,620120,1768435200,3000,,,,,,
46,5,575030,1768435200,1000,,,,,,
46,5,621924,1768435200,1000,,,,,,
47,5,630626,1768435200,5000,,,,,,
552988,5,47,1768435200,10000,,,,,,
47,5,567195,1768435200,3000,,,,,,
47,5,527449,1768435200,300,,,,,,
47,5,459381,1768435200,700,,,,,,
47,5,595298,1768435200,4000,,,,,,
47,5,466907,1768435200,600,,,,,,
47,5,589943,1768435200,200,,,,,,
47,5,523927,1768435200,2000,,,,,,
47,5,580426,1768435200,20,,,,,,
47,5,595581,1768435200,200,,,,,,
47,5,616315,1768435200,2000,,,,,,
47,5,503701,1768435200,500,,,,,,
47,5,571970,1768435200,80,,,,,,
47,5,473173,1768435200,600,,,,,,
47,5,620120,1768435200,900,,,,,,
47,5,575030,1768435200,4000,,,,,,
48,5,630626,1768435200,4000,,,,,,
552988,5,48,1768435200,40000,,,,,,
48,5,567195,1768435200,5000,,,,,,
48,5,527449,1768435200,10,,,,,,
48,5,459381,1768435200,500,,,,,,
48,5,595298,1768435200,2000,,,,,,
48,5,466907,1768435200,900,,,,,,
48,5,537281,1768435200,500,,,,,,
48,5,523927,1768435200,3000,,,,,,
48,5,580426,1768435200,600,,,,,,
48,5,595581,1768435200,2000,,,,,,
48,5,616315,1768435200,100,,,,,,
48,5,503701,1768435200,200,,,,,,
48,5,632961,1768435200,500,,,,,,
48,5,473173,1768435200,300,,,,,,
48,5,620120,1768435200,6000,,,,,,
48,5,575030,1768435200,3000,,,,,,
49,5,640784,1768435200,1000,,,,,,
49,5,630626,1768435200,5000,,,,,,
49,5,536346,1768435200,200,,,,,,
510031,5,49,1768435200,1000,,,,,,
49,5,520660,1768435200,2000,,,,,,
552988,5,49,1768435200,40000,,,,,,
49,5,567195,1768435200,1000,,,,,,
49,5,527449,1768435200,300,,,,,,
49,5,459381,1768435200,500,,,,,,
49,5,595298,1768435200,3000,,,,,,
49,5,466907,1768435200,700,,,,,,
49,5,606730,1768435200,1000,,,,,,
49,5,589943,1768435200,4000,,,,,,
49,5,577992,1768435200,2000,,,,,,
49,5,580426,1768435200,1000,,,,,,
49,5,595581,1768435200,3000,,,,,,
49,5,616315,1768435200,400,,,,,,
49,5,642329,1768435200,400,,,,,,
49,5,503701,1768435200,3000,,,,,,
49,5,571970,1768435200,20,,,,,,
49,5,644226,1768435200,2000,,,,,,
49,5,632961,1768435200,300,,,,,,
49,5,473173,1768435200,300,,,,,,
49,5,620120,1768435200,6000,,,,,,
49,5,575030,1768435200,5000,,,,,,
49,5,621924,1768435200,3000,,,,,,
52,5,630626,1768435200,4000,,,,,,
52,5,536346,1768435200,2000,,,,,,
52,5,520660,1768435200,3000,,,,,,
552988,5,52,1768435200,50000,,,,,,
52,5,527449,1768435200,70,,,,,,
52,5,459381,1768435200,7,,,,,,
52,5,595298,1768435200,4000,,,,,,
52,5,466907,1768435200,400,,,,,,
52,5,589943,1768435200,50,,,,,,
52,5,577992,1768435200,2000,,,,,,
52,5,523927,1768435200,2000,,,,,,
52,5,580426,1768435200,700,,,,,,
52,5,616315,1768435200,800,,,,,,
52,5,642329,1768435200,1000,,,,,,
52,5,503701,1768435200,4000,,,,,,
52,5,644226,1768435200,1000,,,,,,
52,5,632961,1768435200,20,,,,,,
52,5,473173,1768435200,3000,,,,,,
52,5,620120,1768435200,9000,,,,,,
52,5,575030,1768435200,5000,,,,,,
552988,5,53,1768435200,50000,,,,,,
53,5,527449,1768435200,90,,,,,,
53,5,459381,1768435200,70,,,,,,
53,5,595298,1768435200,2000,,,,,,
53,5,466907,1768435200,2000,,,,,,
53,5,589943,1768435200,2000,,,,,,
53,5,537281,1768435200,600,,,,,,
53,5,523927,1768435200,400,,,,,,
53,5,595581,1768435200,3000,,,,,,
53,5,616315,1768435200,4000,,,,,,
53,5,642329,1768435200,900,,,,,,
53,5,503701,1768435200,6000,,,,,,
53,5,571970,1768435200,200,,,,,,
53,5,473173,1768435200,1000,,,,,,
620120,5,53,1768435200,7000,,,,,,
53,5,621924,1768435200,400,,,,,,
510031,5,54,1768435200,4000,,,,,,
552988,5,54,1768435200,30000,,,,,,
54,5,567195,1768435200,4000,,,,,,
54,5,527449,1768435200,200,,,,,,
54,5,459381,1768435200,2000,,,,,,
54,5,595298,1768435200,1000,,,,,,
54,5,466907,1768435200,1000,,,,,,
54,5,589943,1768435200,2000,,,,,,
54,5,523927,1768435200,1000,,,,,,
54,5,580426,1768435200,900,,,,,,
54,5,616315,1768435200,4000,,,,,,
54,5,642329,1768435200,1000,,,,,,
54,5,503701,1768435200,3000,,,,,,
54,5,571970,1768435200,500,,,,,,
54,5,632961,1768435200,2000,,,,,,
54,5,473173,1768435200,1000,,,,,,
54,5,620120,1768435200,4000,,,,,,
54,5,575030,1768435200,500,,,,,,
54,5,621924,1768435200,10000,,,,,,
510031,5,55,1768435200,4000,,,,,,
552988,5,55,1768435200,30000,,,,,,
55,5,527449,1768435200,1000,,,,,,
55,5,459381,1768435200,600,,,,,,
55,5,595298,1768435200,5000,,,,,,
55,5,466907,1768435200,2000,,,,,,
55,5,523927,1768435200,1000,,,,,,
55,5,580426,1768435200,700,,,,,,
55,5,595581,1768435200,300,,,,,,
55,5,503701,1768435200,8000,,,,,,
55,5,473173,1768435200,6000,,,,,,
620120,5,55,1768435200,2000,,,,,,
55,5,575030,1768435200,20000,,,,,,
55,5,621924,1768435200,4000,,,,,,
552988,5,56,1768435200,30000,,,,,,
56,5,567195,1768435200,2000,,,,,,
56,5,527449,1768435200,300,,,,,,
56,5,459381,1768435200,2000,,,,,,
56,5,595298,1768435200,5000,,,,,,
56,5,466907,1768435200,1000,,,,,,
56,5,589943,1768435200,3000,,,,,,
56,5,537281,1768435200,2000,,,,,,
56,5,523927,1768435200,7000,,,,,,
56,5,595581,1768435200,2000,,,,,,
56,5,616315,1768435200,3000,,,,,,
56,5,642329,1768435200,400,,,,,,
56,5,503701,1768435200,5000,,,,,,
56,5,571970,1768435200,900,,,,,,
56,5,473173,1768435200,3000,,,,,,
56,5,620120,1768435200,800,,,,,,
56,5,575030,1768435200,7000,,,,,,
56,5,621924,1768435200,4000,,,,,,
57,5,503218,1768435200,4000,,,,,,
57,5,630626,1768435200,40000,,,,,,
57,5,536346,1768435200,5000,,,,,,
57,5,520660,1768435200,20000,,,,,,
552988,5,57,1768435200,20000,,,,,,
57,5,567195,1768435200,40000,,,,,,
57,5,527449,1768435200,100,,,,,,
57,5,459381,1768435200,1000,,,,,,
57,5,595298,1768435200,10000,,,,,,
57,5,606730,1768435200,3000,,,,,,
57,5,589943,1768435200,10000,,,,,,
57,5,577992,1768435200,20000,,,,,,
57,5,523927,1768435200,20000,,,,,,
57,5,580426,1768435200,9000,,,,,,
57,5,642329,1768435200,6000,,,,,,
57,5,503701,1768435200,10000,,,,,,
57,5,571970,1768435200,200,,,,,,
57,5,644226,1768435200,9000,,,,,,
57,5,632961,1768435200,2000,,,,,,
57,5,473173,1768435200,3000,,,,,,
620120,5,57,1768435200,200000,,,,,,
57,5,621924,1768435200,100000,,,,,,
510031,5,58,1768435200,100,,,,,,
552988,5,58,1768435200,3000,,,,,,
58,5,527449,1768435200,90,,,,,,
58,5,459381,1768435200,3,,,,,,
58,5,595298,1768435200,1000,,,,,,
58,5,466907,1768435200,60,,,,,,
58,5,589943,1768435200,800,,,,,,
58,5,523927,1768435200,200,,,,,,
58,5,642329,1768435200,300,,,,,,
58,5,571970,1768435200,6,,,,,,
58,5,632961,1768435200,6,,,,,,
58,5,473173,1768435200,200,,,,,,
58,5,620120,1768435200,200,,,,,,
58,5,575030,1768435200,1000,,,,,,
58,5,621924,1768435200,400,,,,,,
552988,5,59,1768435200,5000,,,,,,
59,5,567195,1768435200,300,,,,,,
59,5,527449,1768435200,200,,,,,,
59,5,459381,1768435200,100,,,,,,
59,5,595298,1768435200,500,,,,,,
59,5,466907,1768435200,200,,,,,,
59,5,577992,1768435200,500,,,,,,
59,5,595581,1768435200,400,,,,,,
59,5,642329,1768435200,20,,,,,,
59,5,503701,1768435200,200,,,,,,
59,5,571970,1768435200,50,,,,,,
59,5,632961,1768435200,30,,,,,,
59,5,473173,1768435200,200,,,,,,
59,5,620120,1768435200,600,,,,,,
59,5,575030,1768435200,3000,,,,,,
59,5,621924,1768435200,500,,,,,,
510031,5,60,1768435200,200,,,,,,
552988,5,60,1768435200,3000,,,,,,
60,5,527449,1768435200,50,,,,,,
60,5,459381,1768435200,300,,,,,,
60,5,595298,1768435200,600,,,,,,
60,5,466907,1768435200,70,,,,,,
60,5,589943,1768435200,200,,,,,,
60,5,537281,1768435200,80,,,,,,
60,5,523927,1768435200,700,,,,,,
60,5,580426,1768435200,200,,,,,,
60,5,616315,1768435200,600,,,,,,
60,5,642329,1768435200,30,,,,,,
60,5,503701,1768435200,300,,,,,,
60,5,571970,1768435200,50,,,,,,
60,5,473173,1768435200,80,,,,,,
620120,5,60,1768435200,200,,,,,,
60,5,575030,1768435200,2000,,,,,,
61,5,630626,1768435200,3000,,,,,,
510031,5,61,1768435200,400,,,,,,
552988,5,61,1768435200,4000,,,,,,
61,5,567195,1768435200,100,,,,,,
61,5,527449,1768435200,90,,,,,,
61,5,459381,1768435200,300,,,,,,
61,5,595298,1768435200,600,,,,,,
61,5,466907,1768435200,200,,,,,,
61,5,589943,1768435200,70,,,,,,
61,5,577992,1768435200,300,,,,,,
61,5,537281,1768435200,100,,,,,,
61,5,523927,1768435200,900,,,,,,
61,5,595581,1768435200,80,,,,,,
61,5,616315,1768435200,600,,,,,,
61,5,642329,1768435200,60,,,,,,
61,5,503701,1768435200,900,,,,,,
61,5,632961,1768435200,300,,,,,,
61,5,473173,1768435200,300,,,,,,
61,5,620120,1768435200,200,,,,,,
61,5,621924,1768435200,1000,,,,,,
62,5,630626,1768435200,2000,,,,,,
510031,5,62,1768435200,400,,,,,,
552988,5,62,1768435200,10000,,,,,,
62,5,567195,1768435200,900,,,,,,
62,5,527449,1768435200,200,,,,,,
62,5,459381,1768435200,300,,,,,,
62,5,595298,1768435200,300,,,,,,
62,5,466907,1768435200,200,,,,,,
62,5,577992,1768435200,600,,,,,,
62,5,537281,1768435200,100,,,,,,
62,5,523927,1768435200,100,,,,,,
62,5,580426,1768435200,200,,,,,,
62,5,595581,1768435200,300,,,,,,
62,5,503701,1768435200,2000,,,,,,
62,5,571970,1768435200,60,,,,,,
62,5,632961,1768435200,100,,,,,,
62,5,473173,1768435200,90,,,,,,
62,5,620120,1768435200,1000,,,,,,
62,5,575030,1768435200,3000,,,,,,
63,5,630626,1768435200,5000,,,,,,
552988,5,63,1768435200,100000,,,,,,
63,5,567195,1768435200,10000,,,,,,
63,5,527449,1768435200,100,,,,,,
63,5,459381,1768435200,400,,,,,,
63,5,595298,1768435200,2000,,,,,,
63,5,466907,1768435200,300,,,,,,
63,5,589943,1768435200,1000,,,,,,
63,5,537281,1768435200,80,,,,,,
63,5,523927,1768435200,80,,,,,,
63,5,580426,1768435200,1000,,,,,,
63,5,595581,1768435200,800,,,,,,
63,5,642329,1768435200,700,,,,,,
63,5,503701,1768435200,400,,,,,,
63,5,571970,1768435200,20,,,,,,
63,5,473173,1768435200,1000,,,,,,
620120,5,63,1768435200,20000,,,,,,
63,5,575030,1768435200,3000,,,,,,
63,5,621924,1768435200,20000,,,,,,
64,5,630626,1768435200,2000,,,,,,
64,5,536346,1768435200,2000,,,,,,
510031,5,64,1768435200,1000,,,,,,
64,5,520660,1768435200,1000,,,,,,
552988,5,64,1768435200,20000,,,,,,
64,5,567195,1768435200,4000,,,,,,
64,5,527449,1768435200,100,,,,,,
64,5,459381,1768435200,500,,,,,,
64,5,595298,1768435200,1000,,,,,,
64,5,466907,1768435200,100,,,,,,
64,5,589943,1768435200,4000,,,,,,
64,5,577992,1768435200,700,,,,,,
64,5,523927,1768435200,500,,,,,,
64,5,580426,1768435200,400,,,,,,
64,5,503701,1768435200,2000,,,,,,
64,5,644226,1768435200,1000,,,,,,
64,5,473173,1768435200,200,,,,,,
64,5,620120,1768435200,6000,,,,,,
64,5,621924,1768435200,1000,,,,,,
65,5,630626,1768435200,2000,,,,,,
65,5,536346,1768435200,2000,,,,,,
510031,5,65,1768435200,300,,,,,,
65,5,520660,1768435200,2000,,,,,,
552988,5,65,1768435200,10000,,,,,,
65,5,567195,1768435200,2000,,,,,,
65,5,527449,1768435200,400,,,,,,
65,5,459381,1768435200,400,,,,,,
65,5,595298,1768435200,1000,,,,,,
65,5,466907,1768435200,60,,,,,,
65,5,606730,1768435200,600,,,,,,
65,5,589943,1768435200,500,,,,,,
65,5,523927,1768435200,700,,,,,,
65,5,580426,1768435200,10,,,,,,
65,5,595581,1768435200,1000,,,,,,
65,5,616315,1768435200,600,,,,,,
65,5,642329,1768435200,700,,,,,,
65,5,503701,1768435200,500,,,,,,
65,5,571970,1768435200,20,,,,,,
65,5,644226,1768435200,500,,,,,,
65,5,632961,1768435200,200,,,,,,
65,5,473173,1768435200,400,,,,,,
65,5,620120,1768435200,2000,,,,,,
65,5,621924,1768435200,1000,,,,,,
0,5,630626,1768435200,4000,,,,,,
0,5,536346,1768435200,50,,,,,,
552988,5,0,1768435200,20000,,,,,,
0,5,567195,1768435200,2000,,,,,,
0,5,527449,1768435200,200,,,,,,
0,5,459381,1768435200,300,,,,,,
0,5,595298,1768435200,3000,,,,,,
0,5,466907,1768435200,800,,,,,,
0,5,589943,1768435200,800,,,,,,
0,5,577992,1768435200,100,,,,,,
0,5,537281,1768435200,30,,,,,,
0,5,580426,1768435200,300,,,,,,
0,5,503701,1768435200,400,,,,,,
0,5,571970,1768435200,80,,,,,,
0,5,644226,1768435200,1000,,,,,,
0,5,473173,1768435200,1000,,,,,,
0,5,620120,1768435200,800,,,,,,
0,5,575030,1768435200,2000,,,,,,
0,5,621924,1768435200,1000,,,,,,
